"","PlotID","new_ID","Exp","Year","Location","Exp_ID","Loc_Exp","Rep","Block","Plot_in_rep","Pedigree","Seed_Source","Line","Group","Plot_ID","Plot_in_loc","Exp_row","Exp_range","G2Fplot","X","Check","Compare"
"1",1,1,"G2F_PHK76",2021,"MOH2",2,"MOH2_G2F_PHK76",NA,NA,NA,"Fill/HB",NA,NA,NA,NA,NA,1,1,NA,NA,TRUE,FALSE
"2",2,2,"G2F_PHK76",2021,"MOH2",2,"MOH2_G2F_PHK76",NA,NA,NA,"Fill/HB",NA,NA,NA,NA,NA,2,1,NA,NA,TRUE,FALSE
"3",3,3,"G2F_PHK76",2021,"MOH2",2,"MOH2_G2F_PHK76",NA,NA,NA,"Fill/HB",NA,NA,NA,NA,NA,3,1,NA,NA,TRUE,FALSE
"4",4,4,"G2F_PHK76",2021,"MOH2",2,"MOH2_G2F_PHK76",NA,NA,NA,"Fill/HB",NA,NA,NA,NA,NA,4,1,NA,NA,TRUE,FALSE
"5",5,5,"G2F_PHK76",2021,"MOH2",2,"MOH2_G2F_PHK76",NA,NA,NA,"Fill/HB",NA,NA,NA,NA,NA,5,1,NA,NA,TRUE,FALSE
"6",6,6,"G2F_PHK76",2021,"MOH2",2,"MOH2_G2F_PHK76",NA,NA,NA,"Fill/HB",NA,NA,NA,NA,NA,6,1,NA,NA,TRUE,FALSE
"7",7,7,"G2F_PHK76",2021,"MOH2",2,"MOH2_G2F_PHK76",1,1,7,"W10004_0290/PHK76",NA,"W10004_0290","DH",25507,7,7,1,7,NA,TRUE,TRUE
"8",8,8,"G2F_PHK76",2021,"MOH2",2,"MOH2_G2F_PHK76",1,1,8,"W10004_0498/PHK76",NA,"W10004_0498","DH",25508,8,8,1,8,NA,TRUE,TRUE
"9",9,9,"G2F_PHK76",2021,"MOH2",2,"MOH2_G2F_PHK76",NA,NA,NA,"Fill/HB",NA,NA,NA,NA,NA,9,1,NA,NA,TRUE,FALSE
"10",10,10,"G2F_PHK76",2021,"MOH2",2,"MOH2_G2F_PHK76",NA,NA,NA,"Fill/HB",NA,NA,NA,NA,NA,10,1,NA,NA,TRUE,FALSE
"11",11,11,"G2F_PHK76",2021,"MOH2",2,"MOH2_G2F_PHK76",1,2,11,"W10004_0884/PHK76",NA,"W10004_0884","DH",25511,11,11,1,11,NA,TRUE,TRUE
"12",12,12,"G2F_PHK76",2021,"MOH2",2,"MOH2_G2F_PHK76",1,2,12,"W10004_0037/PHK76",NA,"W10004_0037","DH",25512,12,12,1,12,NA,TRUE,TRUE
"13",13,13,"G2F_PHK76",2021,"MOH2",2,"MOH2_G2F_PHK76",NA,NA,NA,"Fill/HB",NA,NA,NA,NA,NA,13,1,NA,NA,TRUE,FALSE
"14",14,14,"G2F_PHK76",2021,"MOH2",2,"MOH2_G2F_PHK76",NA,NA,NA,"Fill/HB",NA,NA,NA,NA,NA,14,1,NA,NA,TRUE,FALSE
"15",15,15,"G2F_PHK76",2021,"MOH2",2,"MOH2_G2F_PHK76",1,2,15,"W10004_0065/PHK76",NA,"W10004_0065","DH",25515,15,15,1,15,NA,TRUE,TRUE
"16",16,16,"G2F_PHK76",2021,"MOH2",2,"MOH2_G2F_PHK76",1,2,16,"W10004_0103/PHK76",NA,"W10004_0103","DH",25516,16,16,1,16,NA,TRUE,TRUE
"17",17,17,"G2F_PHK76",2021,"MOH2",2,"MOH2_G2F_PHK76",NA,NA,NA,"Fill/HB",NA,NA,NA,NA,NA,17,1,NA,NA,TRUE,FALSE
"18",18,18,"G2F_PHK76",2021,"MOH2",2,"MOH2_G2F_PHK76",NA,NA,NA,"Fill/HB",NA,NA,NA,NA,NA,18,1,NA,NA,TRUE,FALSE
"19",19,19,"G2F_PHK76",2021,"MOH2",2,"MOH2_G2F_PHK76",1,2,19,"W10004_1007/PHK76",NA,"W10004_1007","DH",25519,19,19,1,19,NA,TRUE,TRUE
"20",20,20,"G2F_PHK76",2021,"MOH2",2,"MOH2_G2F_PHK76",1,2,20,"W10004_0168/PHK76",NA,"W10004_0168","DH",25520,20,20,1,20,NA,TRUE,TRUE
"21",21,21,"G2F_PHK76",2021,"MOH2",2,"MOH2_G2F_PHK76",NA,NA,NA,"Fill/HB",NA,NA,NA,NA,NA,21,1,NA,NA,TRUE,FALSE
"22",22,22,"G2F_PHK76",2021,"MOH2",2,"MOH2_G2F_PHK76",NA,NA,NA,"Fill/HB",NA,NA,NA,NA,NA,22,1,NA,NA,TRUE,FALSE
"23",23,23,"G2F_PHK76",2021,"MOH2",2,"MOH2_G2F_PHK76",1,3,23,"W10004_0950/PHK76",NA,"W10004_0950","DH",25523,23,23,1,23,NA,TRUE,TRUE
"24",24,24,"G2F_PHK76",2021,"MOH2",2,"MOH2_G2F_PHK76",1,3,24,"W10004_0080/PHK76",NA,"W10004_0080","DH",25524,24,23,2,24,NA,TRUE,TRUE
"25",25,25,"G2F_PHK76",2021,"MOH2",2,"MOH2_G2F_PHK76",1,3,22,"W10004_1112/PHK76",NA,"W10004_1112","DH",25522,22,22,2,22,NA,TRUE,FALSE
"26",26,26,"G2F_PHK76",2021,"MOH2",2,"MOH2_G2F_PHK76",1,3,21,"W10004_0827/PHK76",NA,"W10004_0827","DH",25521,21,21,2,21,NA,TRUE,FALSE
"27",27,27,"G2F_PHK76",2021,"MOH2",2,"MOH2_G2F_PHK76",1,3,27,"B37/OH43",NA,NA,"Check",25527,27,20,2,27,NA,TRUE,TRUE
"28",28,28,"G2F_PHK76",2021,"MOH2",2,"MOH2_G2F_PHK76",1,3,28,"W10004_0079/PHK76",NA,"W10004_0079","DH",25528,28,19,2,28,NA,TRUE,TRUE
"29",29,56,"G2F_PHK76",2021,"MOH2",2,"MOH2_G2F_PHK76",1,2,18,"W10004_0264/PHK76",NA,"W10004_0264","DH",25518,18,18,2,18,NA,TRUE,FALSE
"30",30,55,"G2F_PHK76",2021,"MOH2",2,"MOH2_G2F_PHK76",1,2,17,"W10004_0062/PHK76",NA,"W10004_0062","DH",25517,17,17,2,17,NA,TRUE,FALSE
"31",31,54,"G2F_PHK76",2021,"MOH2",2,"MOH2_G2F_PHK76",1,4,31,"W10004_0199/PHK76",NA,"W10004_0199","DH",25531,31,16,2,31,NA,TRUE,TRUE
"32",32,53,"G2F_PHK76",2021,"MOH2",2,"MOH2_G2F_PHK76",1,4,32,"W10004_0632/PHK76",NA,"W10004_0632","DH",25532,32,15,2,32,NA,TRUE,TRUE
"33",33,52,"G2F_PHK76",2021,"MOH2",2,"MOH2_G2F_PHK76",1,2,14,"W10004_0649/PHK76",NA,"W10004_0649","DH",25514,14,14,2,14,NA,TRUE,FALSE
"34",34,51,"G2F_PHK76",2021,"MOH2",2,"MOH2_G2F_PHK76",1,2,13,"W10004_0949/PHK76",NA,"W10004_0949","DH",25513,13,13,2,13,NA,TRUE,FALSE
"35",35,50,"G2F_PHK76",2021,"MOH2",2,"MOH2_G2F_PHK76",1,4,35,"F42/H95",NA,NA,"Check",25535,35,12,2,35,NA,TRUE,TRUE
"36",36,49,"G2F_PHK76",2021,"MOH2",2,"MOH2_G2F_PHK76",1,4,36,"W10004_0041/PHK76",NA,"W10004_0041","DH",25536,36,11,2,36,NA,TRUE,TRUE
"37",37,48,"G2F_PHK76",2021,"MOH2",2,"MOH2_G2F_PHK76",1,1,10,"LH82/TX779",NA,NA,"Check",25510,10,10,2,10,NA,TRUE,FALSE
"38",38,47,"G2F_PHK76",2021,"MOH2",2,"MOH2_G2F_PHK76",1,1,9,"W10004_0389/PHK76",NA,"W10004_0389","DH",25509,9,9,2,9,NA,TRUE,FALSE
"39",39,46,"G2F_PHK76",2021,"MOH2",2,"MOH2_G2F_PHK76",1,4,39,"TX773/TX779",NA,NA,"Check",25539,39,8,2,39,NA,TRUE,TRUE
"40",40,45,"G2F_PHK76",2021,"MOH2",2,"MOH2_G2F_PHK76",1,4,40,"W10004_0782/PHK76",NA,"W10004_0782","DH",25540,40,7,2,40,NA,TRUE,TRUE
"41",41,44,"G2F_PHK76",2021,"MOH2",2,"MOH2_G2F_PHK76",1,1,6,"W10004_0879/PHK76",NA,"W10004_0879","DH",25506,6,6,2,6,NA,TRUE,FALSE
"42",42,43,"G2F_PHK76",2021,"MOH2",2,"MOH2_G2F_PHK76",1,1,5,"W10004_0179/PHK76",NA,"W10004_0179","DH",25505,5,5,2,5,NA,TRUE,FALSE
"43",43,42,"G2F_PHK76",2021,"MOH2",2,"MOH2_G2F_PHK76",1,1,4,"W10004_0430/PHK76",NA,"W10004_0430","DH",25504,4,4,2,4,NA,TRUE,FALSE
"44",44,41,"G2F_PHK76",2021,"MOH2",2,"MOH2_G2F_PHK76",1,1,3,"W10004_0741/PHK76",NA,"W10004_0741","DH",25503,3,3,2,3,NA,TRUE,FALSE
"45",45,40,"G2F_PHK76",2021,"MOH2",2,"MOH2_G2F_PHK76",1,1,2,"W10004_0822/PHK76",NA,"W10004_0822","DH",25502,2,2,2,2,NA,TRUE,FALSE
"46",46,39,"G2F_PHK76",2021,"MOH2",2,"MOH2_G2F_PHK76",1,1,1,"W10004_0271/PHK76",NA,"W10004_0271","DH",25501,1,1,2,1,NA,TRUE,FALSE
"47",47,38,"G2F_PHK76",2021,"MOH2",2,"MOH2_G2F_PHK76",1,5,46,"W10004_0892/PHK76",NA,"W10004_0892","DH",25546,46,1,3,46,NA,TRUE,FALSE
"48",48,37,"G2F_PHK76",2021,"MOH2",2,"MOH2_G2F_PHK76",1,5,45,"W10004_0966/PHK76",NA,"W10004_0966","DH",25545,45,2,3,45,NA,TRUE,FALSE
"49",49,36,"G2F_PHK76",2021,"MOH2",2,"MOH2_G2F_PHK76",1,5,44,"W10004_0732/PHK76",NA,"W10004_0732","DH",25544,44,3,3,44,NA,TRUE,FALSE
"50",50,35,"G2F_PHK76",2021,"MOH2",2,"MOH2_G2F_PHK76",1,5,43,"W10004_0798/PHK76",NA,"W10004_0798","DH",25543,43,4,3,43,NA,TRUE,FALSE
"51",51,34,"G2F_PHK76",2021,"MOH2",2,"MOH2_G2F_PHK76",1,5,42,"W10004_0078/PHK76",NA,"W10004_0078","DH",25542,42,5,3,42,NA,TRUE,FALSE
"52",52,33,"G2F_PHK76",2021,"MOH2",2,"MOH2_G2F_PHK76",1,5,41,"W10004_0129/PHK76",NA,"W10004_0129","DH",25541,41,6,3,41,NA,TRUE,FALSE
"53",53,32,"G2F_PHK76",2021,"MOH2",2,"MOH2_G2F_PHK76",1,6,53,"B73/PHN82",NA,NA,"Check",25553,53,7,3,53,NA,TRUE,TRUE
"54",54,31,"G2F_PHK76",2021,"MOH2",2,"MOH2_G2F_PHK76",1,6,54,"W10004_0631/PHK76",NA,"W10004_0631","DH",25554,54,8,3,54,NA,TRUE,TRUE
"55",55,30,"G2F_PHK76",2021,"MOH2",2,"MOH2_G2F_PHK76",1,4,38,"W10004_1018/PHK76",NA,"W10004_1018","DH",25538,38,9,3,38,NA,TRUE,FALSE
"56",56,29,"G2F_PHK76",2021,"MOH2",2,"MOH2_G2F_PHK76",1,4,37,"W10004_0256/PHK76",NA,"W10004_0256","DH",25537,37,10,3,37,NA,TRUE,FALSE
"57",57,57,"G2F_PHK76",2021,"MOH2",2,"MOH2_G2F_PHK76",1,6,57,"W10004_0688/PHK76",NA,"W10004_0688","DH",25557,57,11,3,57,NA,TRUE,TRUE
"58",58,58,"G2F_PHK76",2021,"MOH2",2,"MOH2_G2F_PHK76",1,6,58,"W10004_1140/PHK76",NA,"W10004_1140","DH",25558,58,12,3,58,NA,TRUE,TRUE
"59",59,59,"G2F_PHK76",2021,"MOH2",2,"MOH2_G2F_PHK76",1,4,34,"W10004_1001/PHK76",NA,"W10004_1001","DH",25534,34,13,3,34,NA,TRUE,FALSE
"60",60,60,"G2F_PHK76",2021,"MOH2",2,"MOH2_G2F_PHK76",1,4,33,"W10004_0715/PHK76",NA,"W10004_0715","DH",25533,33,14,3,33,NA,TRUE,FALSE
"61",61,61,"G2F_PHK76",2021,"MOH2",2,"MOH2_G2F_PHK76",1,7,61,"W10004_0220/PHK76",NA,"W10004_0220","DH",25561,61,15,3,61,NA,TRUE,TRUE
"62",62,62,"G2F_PHK76",2021,"MOH2",2,"MOH2_G2F_PHK76",1,7,62,"W10004_0008/PHK76",NA,"W10004_0008","DH",25562,62,16,3,62,NA,TRUE,TRUE
"63",63,63,"G2F_PHK76",2021,"MOH2",2,"MOH2_G2F_PHK76",1,3,30,"LH74/PHN82",NA,NA,"Check",25530,30,17,3,30,NA,TRUE,FALSE
"64",64,64,"G2F_PHK76",2021,"MOH2",2,"MOH2_G2F_PHK76",1,3,29,"W10004_0098/PHK76",NA,"W10004_0098","DH",25529,29,18,3,29,NA,TRUE,FALSE
"65",65,65,"G2F_PHK76",2021,"MOH2",2,"MOH2_G2F_PHK76",1,7,65,"W10004_0032/PHK76",NA,"W10004_0032","DH",25565,65,19,3,65,NA,TRUE,TRUE
"66",66,66,"G2F_PHK76",2021,"MOH2",2,"MOH2_G2F_PHK76",1,7,66,"W10004_0885/PHK76",NA,"W10004_0885","DH",25566,66,20,3,66,NA,TRUE,TRUE
"67",67,67,"G2F_PHK76",2021,"MOH2",2,"MOH2_G2F_PHK76",1,3,26,"B14A/H95",NA,NA,"Check",25526,26,21,3,26,NA,TRUE,FALSE
"68",68,68,"G2F_PHK76",2021,"MOH2",2,"MOH2_G2F_PHK76",1,3,25,"W10004_0093/PHK76",NA,"W10004_0093","DH",25525,25,22,3,25,NA,TRUE,FALSE
"69",69,69,"G2F_PHK76",2021,"MOH2",2,"MOH2_G2F_PHK76",1,7,69,"W10004_0776/PHK76",NA,"W10004_0776","DH",25569,69,23,3,69,NA,TRUE,TRUE
"70",70,70,"G2F_PHK76",2021,"MOH2",2,"MOH2_G2F_PHK76",1,7,70,"W10004_0828/PHK76",NA,"W10004_0828","DH",25570,70,23,4,70,NA,TRUE,TRUE
"71",71,71,"G2F_PHK76",2021,"MOH2",2,"MOH2_G2F_PHK76",1,7,68,"W10004_0981/PHK76",NA,"W10004_0981","DH",25568,68,22,4,68,NA,TRUE,FALSE
"72",72,72,"G2F_PHK76",2021,"MOH2",2,"MOH2_G2F_PHK76",1,7,67,"W10004_0636/PHK76",NA,"W10004_0636","DH",25567,67,21,4,67,NA,TRUE,FALSE
"73",73,73,"G2F_PHK76",2021,"MOH2",2,"MOH2_G2F_PHK76",1,8,73,"LOCAL_CHECK",NA,NA,"Check",25573,73,20,4,73,NA,TRUE,TRUE
"74",74,74,"G2F_PHK76",2021,"MOH2",2,"MOH2_G2F_PHK76",1,8,74,"W10004_0110/PHK76",NA,"W10004_0110","DH",25574,74,19,4,74,NA,TRUE,TRUE
"75",75,75,"G2F_PHK76",2021,"MOH2",2,"MOH2_G2F_PHK76",1,7,64,"W10004_0733/PHK76",NA,"W10004_0733","DH",25564,64,18,4,64,NA,TRUE,FALSE
"76",76,76,"G2F_PHK76",2021,"MOH2",2,"MOH2_G2F_PHK76",1,7,63,"W10004_0465/PHK76",NA,"W10004_0465","DH",25563,63,17,4,63,NA,TRUE,FALSE
"77",77,77,"G2F_PHK76",2021,"MOH2",2,"MOH2_G2F_PHK76",1,8,77,"W10004_0774/PHK76",NA,"W10004_0774","DH",25577,77,16,4,77,NA,TRUE,TRUE
"78",78,78,"G2F_PHK76",2021,"MOH2",2,"MOH2_G2F_PHK76",1,8,78,"W10004_0047/PHK76",NA,"W10004_0047","DH",25578,78,15,4,78,NA,TRUE,TRUE
"79",79,79,"G2F_PHK76",2021,"MOH2",2,"MOH2_G2F_PHK76",1,6,60,"W10004_0687/PHK76",NA,"W10004_0687","DH",25560,60,14,4,60,NA,TRUE,FALSE
"80",80,80,"G2F_PHK76",2021,"MOH2",2,"MOH2_G2F_PHK76",1,6,59,"W10004_0852/PHK76",NA,"W10004_0852","DH",25559,59,13,4,59,NA,TRUE,FALSE
"81",81,81,"G2F_PHK76",2021,"MOH2",2,"MOH2_G2F_PHK76",1,9,81,"W10004_0014/PHK76",NA,"W10004_0014","DH",25581,81,12,4,81,NA,TRUE,TRUE
"82",82,82,"G2F_PHK76",2021,"MOH2",2,"MOH2_G2F_PHK76",1,9,82,"W10004_0667/PHK76",NA,"W10004_0667","DH",25582,82,11,4,82,NA,TRUE,TRUE
"83",83,83,"G2F_PHK76",2021,"MOH2",2,"MOH2_G2F_PHK76",1,6,56,"W10004_0684/PHK76",NA,"W10004_0684","DH",25556,56,10,4,56,NA,TRUE,FALSE
"84",84,84,"G2F_PHK76",2021,"MOH2",2,"MOH2_G2F_PHK76",1,6,55,"W10004_0409/PHK76",NA,"W10004_0409","DH",25555,55,9,4,55,NA,TRUE,FALSE
"85",85,112,"G2F_PHK76",2021,"MOH2",2,"MOH2_G2F_PHK76",1,9,85,"W10004_0291/PHK76",NA,"W10004_0291","DH",25585,85,8,4,85,NA,TRUE,TRUE
"86",86,111,"G2F_PHK76",2021,"MOH2",2,"MOH2_G2F_PHK76",1,9,86,"W10004_0691/PHK76",NA,"W10004_0691","DH",25586,86,7,4,86,NA,TRUE,TRUE
"87",87,110,"G2F_PHK76",2021,"MOH2",2,"MOH2_G2F_PHK76",1,6,52,"W10004_0189/PHK76",NA,"W10004_0189","DH",25552,52,6,4,52,NA,TRUE,FALSE
"88",88,109,"G2F_PHK76",2021,"MOH2",2,"MOH2_G2F_PHK76",1,6,51,"W10004_0932/PHK76",NA,"W10004_0932","DH",25551,51,5,4,51,NA,TRUE,FALSE
"89",89,108,"G2F_PHK76",2021,"MOH2",2,"MOH2_G2F_PHK76",1,5,50,"W10004_0231/PHK76",NA,"W10004_0231","DH",25550,50,4,4,50,NA,TRUE,FALSE
"90",90,107,"G2F_PHK76",2021,"MOH2",2,"MOH2_G2F_PHK76",1,5,49,"W10004_0487/PHK76",NA,"W10004_0487","DH",25549,49,3,4,49,NA,TRUE,FALSE
"91",91,106,"G2F_PHK76",2021,"MOH2",2,"MOH2_G2F_PHK76",1,5,48,"W10004_1052/PHK76",NA,"W10004_1052","DH",25548,48,2,4,48,NA,TRUE,FALSE
"92",92,105,"G2F_PHK76",2021,"MOH2",2,"MOH2_G2F_PHK76",1,5,47,"W10004_1080/PHK76",NA,"W10004_1080","DH",25547,47,1,4,47,NA,TRUE,FALSE
"93",93,104,"G2F_PHK76",2021,"MOH2",2,"MOH2_G2F_PHK76",1,10,92,"W10004_0618/PHK76",NA,"W10004_0618","DH",25592,92,1,5,92,NA,TRUE,FALSE
"94",94,103,"G2F_PHK76",2021,"MOH2",2,"MOH2_G2F_PHK76",1,10,91,"W10004_0851/PHK76",NA,"W10004_0851","DH",25591,91,2,5,91,NA,TRUE,FALSE
"95",95,102,"G2F_PHK76",2021,"MOH2",2,"MOH2_G2F_PHK76",1,9,90,"W10004_0673/PHK76",NA,"W10004_0673","DH",25590,90,3,5,90,NA,TRUE,FALSE
"96",96,101,"G2F_PHK76",2021,"MOH2",2,"MOH2_G2F_PHK76",1,9,89,"W10004_0612/PHK76",NA,"W10004_0612","DH",25589,89,4,5,89,NA,TRUE,FALSE
"97",97,100,"G2F_PHK76",2021,"MOH2",2,"MOH2_G2F_PHK76",1,9,88,"W10004_0171/PHK76",NA,"W10004_0171","DH",25588,88,5,5,88,NA,TRUE,FALSE
"98",98,99,"G2F_PHK76",2021,"MOH2",2,"MOH2_G2F_PHK76",1,9,87,"W10004_0063/PHK76",NA,"W10004_0063","DH",25587,87,6,5,87,NA,TRUE,FALSE
"99",99,98,"G2F_PHK76",2021,"MOH2",2,"MOH2_G2F_PHK76",1,10,99,"W10004_0101/PHK76",NA,"W10004_0101","DH",25599,99,7,5,99,NA,TRUE,TRUE
"100",100,97,"G2F_PHK76",2021,"MOH2",2,"MOH2_G2F_PHK76",1,10,100,"W10004_0970/PHK76",NA,"W10004_0970","DH",25600,100,8,5,100,NA,TRUE,TRUE
"101",101,96,"G2F_PHK76",2021,"MOH2",2,"MOH2_G2F_PHK76",1,9,84,"W10004_0900/PHK76",NA,"W10004_0900","DH",25584,84,9,5,84,NA,TRUE,FALSE
"102",102,95,"G2F_PHK76",2021,"MOH2",2,"MOH2_G2F_PHK76",1,9,83,"W10004_0971/PHK76",NA,"W10004_0971","DH",25583,83,10,5,83,NA,TRUE,FALSE
"103",103,94,"G2F_PHK76",2021,"MOH2",2,"MOH2_G2F_PHK76",1,11,103,"W10004_1084/PHK76",NA,"W10004_1084","DH",25603,103,11,5,103,NA,TRUE,TRUE
"104",104,93,"G2F_PHK76",2021,"MOH2",2,"MOH2_G2F_PHK76",1,11,104,"W10004_0236/PHK76",NA,"W10004_0236","DH",25604,104,12,5,104,NA,TRUE,TRUE
"105",105,92,"G2F_PHK76",2021,"MOH2",2,"MOH2_G2F_PHK76",1,8,80,"W10004_0757/PHK76",NA,"W10004_0757","DH",25580,80,13,5,80,NA,TRUE,FALSE
"106",106,91,"G2F_PHK76",2021,"MOH2",2,"MOH2_G2F_PHK76",1,8,79,"W10004_0645/PHK76",NA,"W10004_0645","DH",25579,79,14,5,79,NA,TRUE,FALSE
"107",107,90,"G2F_PHK76",2021,"MOH2",2,"MOH2_G2F_PHK76",1,11,107,"W10004_1004/PHK76",NA,"W10004_1004","DH",25607,107,15,5,107,NA,TRUE,TRUE
"108",108,89,"G2F_PHK76",2021,"MOH2",2,"MOH2_G2F_PHK76",1,11,108,"W10004_1105/PHK76",NA,"W10004_1105","DH",25608,108,16,5,108,NA,TRUE,TRUE
"109",109,88,"G2F_PHK76",2021,"MOH2",2,"MOH2_G2F_PHK76",1,8,76,"W10004_0614/PHK76",NA,"W10004_0614","DH",25576,76,17,5,76,NA,TRUE,FALSE
"110",110,87,"G2F_PHK76",2021,"MOH2",2,"MOH2_G2F_PHK76",1,8,75,"W10004_0768/PHK76",NA,"W10004_0768","DH",25575,75,18,5,75,NA,TRUE,FALSE
"111",111,86,"G2F_PHK76",2021,"MOH2",2,"MOH2_G2F_PHK76",1,12,111,"W10004_0501/PHK76",NA,"W10004_0501","DH",25611,111,19,5,111,NA,TRUE,TRUE
"112",112,85,"G2F_PHK76",2021,"MOH2",2,"MOH2_G2F_PHK76",1,12,112,"W10004_0969/PHK76",NA,"W10004_0969","DH",25612,112,20,5,112,NA,TRUE,TRUE
"113",113,113,"G2F_PHK76",2021,"MOH2",2,"MOH2_G2F_PHK76",1,8,72,"W10004_0792/PHK76",NA,"W10004_0792","DH",25572,72,21,5,72,NA,TRUE,FALSE
"114",114,114,"G2F_PHK76",2021,"MOH2",2,"MOH2_G2F_PHK76",1,8,71,"W10004_0624/PHK76",NA,"W10004_0624","DH",25571,71,22,5,71,NA,TRUE,FALSE
"115",115,115,"G2F_PHK76",2021,"MOH2",2,"MOH2_G2F_PHK76",1,12,115,"W10004_0799/PHK76",NA,"W10004_0799","DH",25615,115,23,5,115,NA,TRUE,TRUE
"116",116,116,"G2F_PHK76",2021,"MOH2",2,"MOH2_G2F_PHK76",1,12,116,"W10004_0680/PHK76",NA,"W10004_0680","DH",25616,116,23,6,116,NA,TRUE,TRUE
"117",117,117,"G2F_PHK76",2021,"MOH2",2,"MOH2_G2F_PHK76",1,12,114,"W10004_0784/PHK76",NA,"W10004_0784","DH",25614,114,22,6,114,NA,TRUE,FALSE
"118",118,118,"G2F_PHK76",2021,"MOH2",2,"MOH2_G2F_PHK76",1,12,113,"TX714/TX779",NA,NA,"Check",25613,113,21,6,113,NA,TRUE,FALSE
"119",119,119,"G2F_PHK76",2021,"MOH2",2,"MOH2_G2F_PHK76",1,12,119,"W10004_0661/PHK76",NA,"W10004_0661","DH",25619,119,20,6,119,NA,TRUE,TRUE
"120",120,120,"G2F_PHK76",2021,"MOH2",2,"MOH2_G2F_PHK76",1,12,120,"REDEAR/LH195",NA,NA,"Check",25620,120,19,6,120,NA,TRUE,TRUE
"121",121,121,"G2F_PHK76",2021,"MOH2",2,"MOH2_G2F_PHK76",1,11,110,"W10004_0756/PHK76",NA,"W10004_0756","DH",25610,110,18,6,110,NA,TRUE,FALSE
"122",122,122,"G2F_PHK76",2021,"MOH2",2,"MOH2_G2F_PHK76",1,11,109,"W10004_0814/PHK76",NA,"W10004_0814","DH",25609,109,17,6,109,NA,TRUE,FALSE
"123",123,123,"G2F_PHK76",2021,"MOH2",2,"MOH2_G2F_PHK76",1,13,123,"W10004_0006/PHK76",NA,"W10004_0006","DH",25623,123,16,6,123,NA,TRUE,TRUE
"124",124,124,"G2F_PHK76",2021,"MOH2",2,"MOH2_G2F_PHK76",1,13,124,"W10004_0119/PHK76",NA,"W10004_0119","DH",25624,124,15,6,124,NA,TRUE,TRUE
"125",125,125,"G2F_PHK76",2021,"MOH2",2,"MOH2_G2F_PHK76",1,11,106,"W10004_0178/PHK76",NA,"W10004_0178","DH",25606,106,14,6,106,NA,TRUE,FALSE
"126",126,126,"G2F_PHK76",2021,"MOH2",2,"MOH2_G2F_PHK76",1,11,105,"W10004_0922/PHK76",NA,"W10004_0922","DH",25605,105,13,6,105,NA,TRUE,FALSE
"127",127,127,"G2F_PHK76",2021,"MOH2",2,"MOH2_G2F_PHK76",1,13,127,"W10004_0974/PHK76",NA,"W10004_0974","DH",25627,127,12,6,127,NA,TRUE,TRUE
"128",128,128,"G2F_PHK76",2021,"MOH2",2,"MOH2_G2F_PHK76",1,13,128,"W10004_0702/PHK76",NA,"W10004_0702","DH",25628,128,11,6,128,NA,TRUE,TRUE
"129",129,129,"G2F_PHK76",2021,"MOH2",2,"MOH2_G2F_PHK76",1,11,102,"W10004_0010/PHK76",NA,"W10004_0010","DH",25602,102,10,6,102,NA,TRUE,FALSE
"130",130,130,"G2F_PHK76",2021,"MOH2",2,"MOH2_G2F_PHK76",1,11,101,"W10004_0212/PHK76",NA,"W10004_0212","DH",25601,101,9,6,101,NA,TRUE,FALSE
"131",131,131,"G2F_PHK76",2021,"MOH2",2,"MOH2_G2F_PHK76",1,14,131,"W10004_0896/PHK76",NA,"W10004_0896","DH",25631,131,8,6,131,NA,TRUE,TRUE
"132",132,132,"G2F_PHK76",2021,"MOH2",2,"MOH2_G2F_PHK76",1,14,132,"W10004_0203/PHK76",NA,"W10004_0203","DH",25632,132,7,6,132,NA,TRUE,TRUE
"133",133,133,"G2F_PHK76",2021,"MOH2",2,"MOH2_G2F_PHK76",1,10,98,"W10004_0346/PHK76",NA,"W10004_0346","DH",25598,98,6,6,98,NA,TRUE,FALSE
"134",134,134,"G2F_PHK76",2021,"MOH2",2,"MOH2_G2F_PHK76",1,10,97,"W10004_0787/PHK76",NA,"W10004_0787","DH",25597,97,5,6,97,NA,TRUE,FALSE
"135",135,135,"G2F_PHK76",2021,"MOH2",2,"MOH2_G2F_PHK76",1,10,96,"W10004_0116/PHK76",NA,"W10004_0116","DH",25596,96,4,6,96,NA,TRUE,FALSE
"136",136,136,"G2F_PHK76",2021,"MOH2",2,"MOH2_G2F_PHK76",1,10,95,"W10004_0396/PHK76",NA,"W10004_0396","DH",25595,95,3,6,95,NA,TRUE,FALSE
"137",137,137,"G2F_PHK76",2021,"MOH2",2,"MOH2_G2F_PHK76",1,10,94,"W10004_0637/PHK76",NA,"W10004_0637","DH",25594,94,2,6,94,NA,TRUE,FALSE
"138",138,138,"G2F_PHK76",2021,"MOH2",2,"MOH2_G2F_PHK76",1,10,93,"W10004_0745/PHK76",NA,"W10004_0745","DH",25593,93,1,6,93,NA,TRUE,FALSE
"139",139,139,"G2F_PHK76",2021,"MOH2",2,"MOH2_G2F_PHK76",1,14,138,"W10004_0505/PHK76",NA,"W10004_0505","DH",25638,138,1,7,138,NA,TRUE,FALSE
"140",140,140,"G2F_PHK76",2021,"MOH2",2,"MOH2_G2F_PHK76",1,14,137,"W10004_0097/PHK76",NA,"W10004_0097","DH",25637,137,2,7,137,NA,TRUE,FALSE
"141",141,168,"G2F_PHK76",2021,"MOH2",2,"MOH2_G2F_PHK76",1,14,136,"W10004_0467/PHK76",NA,"W10004_0467","DH",25636,136,3,7,136,NA,TRUE,FALSE
"142",142,167,"G2F_PHK76",2021,"MOH2",2,"MOH2_G2F_PHK76",1,14,135,"W10004_0807/PHK76",NA,"W10004_0807","DH",25635,135,4,7,135,NA,TRUE,FALSE
"143",143,166,"G2F_PHK76",2021,"MOH2",2,"MOH2_G2F_PHK76",1,14,134,"W10004_0963/PHK76",NA,"W10004_0963","DH",25634,134,5,7,134,NA,TRUE,FALSE
"144",144,165,"G2F_PHK76",2021,"MOH2",2,"MOH2_G2F_PHK76",1,14,133,"W10004_0217/PHK76",NA,"W10004_0217","DH",25633,133,6,7,133,NA,TRUE,FALSE
"145",145,164,"G2F_PHK76",2021,"MOH2",2,"MOH2_G2F_PHK76",1,15,145,"B73/MO17",NA,NA,"Check",25645,145,7,7,145,NA,TRUE,TRUE
"146",146,163,"G2F_PHK76",2021,"MOH2",2,"MOH2_G2F_PHK76",1,15,146,"PHG39/PHN82",NA,NA,"Check",25646,146,8,7,146,NA,TRUE,TRUE
"147",147,162,"G2F_PHK76",2021,"MOH2",2,"MOH2_G2F_PHK76",1,13,130,"W10004_0843/PHK76",NA,"W10004_0843","DH",25630,130,9,7,130,NA,TRUE,FALSE
"148",148,161,"G2F_PHK76",2021,"MOH2",2,"MOH2_G2F_PHK76",1,13,129,"W10004_0197/PHK76",NA,"W10004_0197","DH",25629,129,10,7,129,NA,TRUE,FALSE
"149",149,160,"G2F_PHK76",2021,"MOH2",2,"MOH2_G2F_PHK76",1,15,149,"TX110/87916",NA,NA,"Check",25649,149,11,7,149,NA,TRUE,TRUE
"150",150,159,"G2F_PHK76",2021,"MOH2",2,"MOH2_G2F_PHK76",1,15,150,"W10004_0474/PHK76",NA,"W10004_0474","DH",25650,150,12,7,150,NA,TRUE,TRUE
"151",151,158,"G2F_PHK76",2021,"MOH2",2,"MOH2_G2F_PHK76",1,13,126,"LH195/TX779",NA,NA,"Check",25626,126,13,7,126,NA,TRUE,FALSE
"152",152,157,"G2F_PHK76",2021,"MOH2",2,"MOH2_G2F_PHK76",1,13,125,"W10004_0306/PHK76",NA,"W10004_0306","DH",25625,125,14,7,125,NA,TRUE,FALSE
"153",153,156,"G2F_PHK76",2021,"MOH2",2,"MOH2_G2F_PHK76",1,16,153,"W10004_0943/PHK76",NA,"W10004_0943","DH",25653,153,15,7,153,NA,TRUE,TRUE
"154",154,155,"G2F_PHK76",2021,"MOH2",2,"MOH2_G2F_PHK76",1,16,154,"W10004_0309/PHK76",NA,"W10004_0309","DH",25654,154,16,7,154,NA,TRUE,TRUE
"155",155,154,"G2F_PHK76",2021,"MOH2",2,"MOH2_G2F_PHK76",1,13,122,"W10004_0427/PHK76",NA,"W10004_0427","DH",25622,122,17,7,122,NA,TRUE,FALSE
"156",156,153,"G2F_PHK76",2021,"MOH2",2,"MOH2_G2F_PHK76",1,13,121,"W10004_0819/PHK76",NA,"W10004_0819","DH",25621,121,18,7,121,NA,TRUE,FALSE
"157",157,152,"G2F_PHK76",2021,"MOH2",2,"MOH2_G2F_PHK76",1,16,157,"W10004_0192/PHK76",NA,"W10004_0192","DH",25657,157,19,7,157,NA,TRUE,TRUE
"158",158,151,"G2F_PHK76",2021,"MOH2",2,"MOH2_G2F_PHK76",1,16,158,"W10004_0996/PHK76",NA,"W10004_0996","DH",25658,158,20,7,158,NA,TRUE,TRUE
"159",159,150,"G2F_PHK76",2021,"MOH2",2,"MOH2_G2F_PHK76",1,12,118,"W10004_0783/PHK76",NA,"W10004_0783","DH",25618,118,21,7,118,NA,TRUE,FALSE
"160",160,149,"G2F_PHK76",2021,"MOH2",2,"MOH2_G2F_PHK76",1,12,117,"W10004_0840/PHK76",NA,"W10004_0840","DH",25617,117,22,7,117,NA,TRUE,FALSE
"161",161,148,"G2F_PHK76",2021,"MOH2",2,"MOH2_G2F_PHK76",1,17,161,"W10004_0848/PHK76",NA,"W10004_0848","DH",25661,161,23,7,161,NA,TRUE,TRUE
"162",162,147,"G2F_PHK76",2021,"MOH2",2,"MOH2_G2F_PHK76",1,17,162,"W10004_0707/PHK76",NA,"W10004_0707","DH",25662,162,23,8,162,NA,TRUE,TRUE
"163",163,146,"G2F_PHK76",2021,"MOH2",2,"MOH2_G2F_PHK76",1,16,160,"W10004_0935/PHK76",NA,"W10004_0935","DH",25660,160,22,8,160,NA,TRUE,FALSE
"164",164,145,"G2F_PHK76",2021,"MOH2",2,"MOH2_G2F_PHK76",1,16,159,"W10004_0073/PHK76",NA,"W10004_0073","DH",25659,159,21,8,159,NA,TRUE,FALSE
"165",165,144,"G2F_PHK76",2021,"MOH2",2,"MOH2_G2F_PHK76",1,17,165,"W10004_0914/PHK76",NA,"W10004_0914","DH",25665,165,20,8,165,NA,TRUE,TRUE
"166",166,143,"G2F_PHK76",2021,"MOH2",2,"MOH2_G2F_PHK76",1,17,166,"B37/MO17",NA,NA,"Check",25666,166,19,8,166,NA,TRUE,TRUE
"167",167,142,"G2F_PHK76",2021,"MOH2",2,"MOH2_G2F_PHK76",1,16,156,"W10004_0913/PHK76",NA,"W10004_0913","DH",25656,156,18,8,156,NA,TRUE,FALSE
"168",168,141,"G2F_PHK76",2021,"MOH2",2,"MOH2_G2F_PHK76",1,16,155,"W10004_0045/PHK76",NA,"W10004_0045","DH",25655,155,17,8,155,NA,TRUE,FALSE
"169",169,169,"G2F_PHK76",2021,"MOH2",2,"MOH2_G2F_PHK76",1,17,169,"TX777/LH195",NA,NA,"Check",25669,169,16,8,169,NA,TRUE,TRUE
"170",170,170,"G2F_PHK76",2021,"MOH2",2,"MOH2_G2F_PHK76",1,17,170,"W10004_0953/PHK76",NA,"W10004_0953","DH",25670,170,15,8,170,NA,TRUE,TRUE
"171",171,171,"G2F_PHK76",2021,"MOH2",2,"MOH2_G2F_PHK76",1,16,152,"F42/OH43",NA,NA,"Check",25652,152,14,8,152,NA,TRUE,FALSE
"172",172,172,"G2F_PHK76",2021,"MOH2",2,"MOH2_G2F_PHK76",1,16,151,"W10004_0115/PHK76",NA,"W10004_0115","DH",25651,151,13,8,151,NA,TRUE,FALSE
"173",173,173,"G2F_PHK76",2021,"MOH2",2,"MOH2_G2F_PHK76",1,18,173,"W10004_0806/PHK76",NA,"W10004_0806","DH",25673,173,12,8,173,NA,TRUE,TRUE
"174",174,174,"G2F_PHK76",2021,"MOH2",2,"MOH2_G2F_PHK76",1,18,174,"TX779/LH195",NA,NA,"Check",25674,174,11,8,174,NA,TRUE,TRUE
"175",175,175,"G2F_PHK76",2021,"MOH2",2,"MOH2_G2F_PHK76",1,15,148,"W10004_0224/PHK76",NA,"W10004_0224","DH",25648,148,10,8,148,NA,TRUE,FALSE
"176",176,176,"G2F_PHK76",2021,"MOH2",2,"MOH2_G2F_PHK76",1,15,147,"W10004_0068/PHK76",NA,"W10004_0068","DH",25647,147,9,8,147,NA,TRUE,FALSE
"177",177,177,"G2F_PHK76",2021,"MOH2",2,"MOH2_G2F_PHK76",1,18,177,"W10004_0403/PHK76",NA,"W10004_0403","DH",25677,177,8,8,177,NA,TRUE,TRUE
"178",178,178,"G2F_PHK76",2021,"MOH2",2,"MOH2_G2F_PHK76",1,18,178,"PHW52/PHN82",NA,NA,"Check",25678,178,7,8,178,NA,TRUE,TRUE
"179",179,179,"G2F_PHK76",2021,"MOH2",2,"MOH2_G2F_PHK76",1,15,144,"W10004_1063/PHK76",NA,"W10004_1063","DH",25644,144,6,8,144,NA,TRUE,FALSE
"180",180,180,"G2F_PHK76",2021,"MOH2",2,"MOH2_G2F_PHK76",1,15,143,"W10004_0965/PHK76",NA,"W10004_0965","DH",25643,143,5,8,143,NA,TRUE,FALSE
"181",181,181,"G2F_PHK76",2021,"MOH2",2,"MOH2_G2F_PHK76",1,15,142,"W10004_0760/PHK76",NA,"W10004_0760","DH",25642,142,4,8,142,NA,TRUE,FALSE
"182",182,182,"G2F_PHK76",2021,"MOH2",2,"MOH2_G2F_PHK76",1,15,141,"W10004_0154/PHK76",NA,"W10004_0154","DH",25641,141,3,8,141,NA,TRUE,FALSE
"183",183,183,"G2F_PHK76",2021,"MOH2",2,"MOH2_G2F_PHK76",1,14,140,"W10004_0729/PHK76",NA,"W10004_0729","DH",25640,140,2,8,140,NA,TRUE,FALSE
"184",184,184,"G2F_PHK76",2021,"MOH2",2,"MOH2_G2F_PHK76",1,14,139,"W10004_0795/PHK76",NA,"W10004_0795","DH",25639,139,1,8,139,NA,TRUE,FALSE
"185",185,185,"G2F_PHK76",2021,"MOH2",2,"MOH2_G2F_PHK76",1,19,184,"W10004_0092/PHK76",NA,"W10004_0092","DH",25684,184,1,9,184,NA,TRUE,FALSE
"186",186,186,"G2F_PHK76",2021,"MOH2",2,"MOH2_G2F_PHK76",1,19,183,"W10004_0381/PHK76",NA,"W10004_0381","DH",25683,183,2,9,183,NA,TRUE,FALSE
"187",187,187,"G2F_PHK76",2021,"MOH2",2,"MOH2_G2F_PHK76",1,19,182,"W10004_0837/PHK76",NA,"W10004_0837","DH",25682,182,3,9,182,NA,TRUE,FALSE
"188",188,188,"G2F_PHK76",2021,"MOH2",2,"MOH2_G2F_PHK76",1,19,181,"W10004_0830/PHK76",NA,"W10004_0830","DH",25681,181,4,9,181,NA,TRUE,FALSE
"189",189,189,"G2F_PHK76",2021,"MOH2",2,"MOH2_G2F_PHK76",1,18,180,"W10004_0800/PHK76",NA,"W10004_0800","DH",25680,180,5,9,180,NA,TRUE,FALSE
"190",190,190,"G2F_PHK76",2021,"MOH2",2,"MOH2_G2F_PHK76",1,18,179,"W10004_0650/PHK76",NA,"W10004_0650","DH",25679,179,6,9,179,NA,TRUE,FALSE
"191",191,191,"G2F_PHK76",2021,"MOH2",2,"MOH2_G2F_PHK76",1,20,191,"W10004_0095/PHK76",NA,"W10004_0095","DH",25691,191,7,9,191,NA,TRUE,TRUE
"192",192,192,"G2F_PHK76",2021,"MOH2",2,"MOH2_G2F_PHK76",1,20,192,"PHW52/PHM49",NA,NA,"Check",25692,192,8,9,192,NA,TRUE,TRUE
"193",193,193,"G2F_PHK76",2021,"MOH2",2,"MOH2_G2F_PHK76",1,18,176,"W10004_0754/PHK76",NA,"W10004_0754","DH",25676,176,9,9,176,NA,TRUE,FALSE
"194",194,194,"G2F_PHK76",2021,"MOH2",2,"MOH2_G2F_PHK76",1,18,175,"W10004_0292/PHK76",NA,"W10004_0292","DH",25675,175,10,9,175,NA,TRUE,FALSE
"195",195,195,"G2F_PHK76",2021,"MOH2",2,"MOH2_G2F_PHK76",1,20,195,"W10004_0727/PHK76",NA,"W10004_0727","DH",25695,195,11,9,195,NA,TRUE,TRUE
"196",196,196,"G2F_PHK76",2021,"MOH2",2,"MOH2_G2F_PHK76",1,20,196,"W10004_0930/PHK76",NA,"W10004_0930","DH",25696,196,12,9,196,NA,TRUE,TRUE
"197",197,224,"G2F_PHK76",2021,"MOH2",2,"MOH2_G2F_PHK76",1,18,172,"W10004_1002/PHK76",NA,"W10004_1002","DH",25672,172,13,9,172,NA,TRUE,FALSE
"198",198,223,"G2F_PHK76",2021,"MOH2",2,"MOH2_G2F_PHK76",1,18,171,"W10004_0194/PHK76",NA,"W10004_0194","DH",25671,171,14,9,171,NA,TRUE,FALSE
"199",199,222,"G2F_PHK76",2021,"MOH2",2,"MOH2_G2F_PHK76",1,20,199,"W10004_0383/PHK76",NA,"W10004_0383","DH",25699,199,15,9,199,NA,TRUE,TRUE
"200",200,221,"G2F_PHK76",2021,"MOH2",2,"MOH2_G2F_PHK76",1,20,200,"W10004_0106/PHK76",NA,"W10004_0106","DH",25700,200,16,9,200,NA,TRUE,TRUE
"201",201,220,"G2F_PHK76",2021,"MOH2",2,"MOH2_G2F_PHK76",1,17,168,"W10004_0148/PHK76",NA,"W10004_0148","DH",25668,168,17,9,168,NA,TRUE,FALSE
"202",202,219,"G2F_PHK76",2021,"MOH2",2,"MOH2_G2F_PHK76",1,17,167,"W10004_0380/PHK76",NA,"W10004_0380","DH",25667,167,18,9,167,NA,TRUE,FALSE
"203",203,218,"G2F_PHK76",2021,"MOH2",2,"MOH2_G2F_PHK76",1,21,203,"W10004_0916/PHK76",NA,"W10004_0916","DH",25703,203,19,9,203,NA,TRUE,TRUE
"204",204,217,"G2F_PHK76",2021,"MOH2",2,"MOH2_G2F_PHK76",1,21,204,"W10004_0704/PHK76",NA,"W10004_0704","DH",25704,204,20,9,204,NA,TRUE,TRUE
"205",205,216,"G2F_PHK76",2021,"MOH2",2,"MOH2_G2F_PHK76",1,17,164,"W10004_0877/PHK76",NA,"W10004_0877","DH",25664,164,21,9,164,NA,TRUE,FALSE
"206",206,215,"G2F_PHK76",2021,"MOH2",2,"MOH2_G2F_PHK76",1,17,163,"W10004_0751/PHK76",NA,"W10004_0751","DH",25663,163,22,9,163,NA,TRUE,FALSE
"207",207,214,"G2F_PHK76",2021,"MOH2",2,"MOH2_G2F_PHK76",1,21,207,"W10004_1037/PHK76",NA,"W10004_1037","DH",25707,207,23,9,207,NA,TRUE,TRUE
"208",208,213,"G2F_PHK76",2021,"MOH2",2,"MOH2_G2F_PHK76",1,21,208,"B73/PHM49",NA,NA,"Check",25708,208,23,10,208,NA,TRUE,TRUE
"209",209,212,"G2F_PHK76",2021,"MOH2",2,"MOH2_G2F_PHK76",1,21,206,"W10004_0713/PHK76",NA,"W10004_0713","DH",25706,206,22,10,206,NA,TRUE,FALSE
"210",210,211,"G2F_PHK76",2021,"MOH2",2,"MOH2_G2F_PHK76",1,21,205,"W10004_0868/PHK76",NA,"W10004_0868","DH",25705,205,21,10,205,NA,TRUE,FALSE
"211",211,210,"G2F_PHK76",2021,"MOH2",2,"MOH2_G2F_PHK76",1,22,211,"W10004_0055/PHK76",NA,"W10004_0055","DH",25711,211,20,10,211,NA,TRUE,TRUE
"212",212,209,"G2F_PHK76",2021,"MOH2",2,"MOH2_G2F_PHK76",1,22,212,"W10004_0031/PHK76",NA,"W10004_0031","DH",25712,212,19,10,212,NA,TRUE,TRUE
"213",213,208,"G2F_PHK76",2021,"MOH2",2,"MOH2_G2F_PHK76",1,21,202,"W10004_0794/PHK76",NA,"W10004_0794","DH",25702,202,18,10,202,NA,TRUE,FALSE
"214",214,207,"G2F_PHK76",2021,"MOH2",2,"MOH2_G2F_PHK76",1,21,201,"B73/TX779",NA,NA,"Check",25701,201,17,10,201,NA,TRUE,FALSE
"215",215,206,"G2F_PHK76",2021,"MOH2",2,"MOH2_G2F_PHK76",1,22,215,"W10004_1020/PHK76",NA,"W10004_1020","DH",25715,215,16,10,215,NA,TRUE,TRUE
"216",216,205,"G2F_PHK76",2021,"MOH2",2,"MOH2_G2F_PHK76",1,22,216,"PB80/TX779",NA,NA,"Check",25716,216,15,10,216,NA,TRUE,TRUE
"217",217,204,"G2F_PHK76",2021,"MOH2",2,"MOH2_G2F_PHK76",1,20,198,"W10004_0140/PHK76",NA,"W10004_0140","DH",25698,198,14,10,198,NA,TRUE,FALSE
"218",218,203,"G2F_PHK76",2021,"MOH2",2,"MOH2_G2F_PHK76",1,20,197,"W10004_0242/PHK76",NA,"W10004_0242","DH",25697,197,13,10,197,NA,TRUE,FALSE
"219",219,202,"G2F_PHK76",2021,"MOH2",2,"MOH2_G2F_PHK76",1,22,219,"W10004_0685/PHK76",NA,"W10004_0685","DH",25719,219,12,10,219,NA,TRUE,TRUE
"220",220,201,"G2F_PHK76",2021,"MOH2",2,"MOH2_G2F_PHK76",1,22,220,"W10004_0646/PHK76",NA,"W10004_0646","DH",25720,220,11,10,220,NA,TRUE,TRUE
"221",221,200,"G2F_PHK76",2021,"MOH2",2,"MOH2_G2F_PHK76",1,20,194,"W10004_0070/PHK76",NA,"W10004_0070","DH",25694,194,10,10,194,NA,TRUE,FALSE
"222",222,199,"G2F_PHK76",2021,"MOH2",2,"MOH2_G2F_PHK76",1,20,193,"W10004_0982/PHK76",NA,"W10004_0982","DH",25693,193,9,10,193,NA,TRUE,FALSE
"223",223,198,"G2F_PHK76",2021,"MOH2",2,"MOH2_G2F_PHK76",1,23,223,"W10004_0815/PHK76",NA,"W10004_0815","DH",25723,223,8,10,223,NA,TRUE,TRUE
"224",224,197,"G2F_PHK76",2021,"MOH2",2,"MOH2_G2F_PHK76",1,23,224,"W10004_0928/PHK76",NA,"W10004_0928","DH",25724,224,7,10,224,NA,TRUE,TRUE
"225",225,225,"G2F_PHK76",2021,"MOH2",2,"MOH2_G2F_PHK76",1,19,190,"W10004_0644/PHK76",NA,"W10004_0644","DH",25690,190,6,10,190,NA,TRUE,FALSE
"226",226,226,"G2F_PHK76",2021,"MOH2",2,"MOH2_G2F_PHK76",1,19,189,"W10004_0149/PHK76",NA,"W10004_0149","DH",25689,189,5,10,189,NA,TRUE,FALSE
"227",227,227,"G2F_PHK76",2021,"MOH2",2,"MOH2_G2F_PHK76",1,19,188,"2369/LH123HT",NA,NA,"Check",25688,188,4,10,188,NA,TRUE,FALSE
"228",228,228,"G2F_PHK76",2021,"MOH2",2,"MOH2_G2F_PHK76",1,19,187,"W10004_0712/PHK76",NA,"W10004_0712","DH",25687,187,3,10,187,NA,TRUE,FALSE
"229",229,229,"G2F_PHK76",2021,"MOH2",2,"MOH2_G2F_PHK76",1,19,186,"B14A/OH43",NA,NA,"Check",25686,186,2,10,186,NA,TRUE,FALSE
"230",230,230,"G2F_PHK76",2021,"MOH2",2,"MOH2_G2F_PHK76",1,19,185,"W10004_1064/PHK76",NA,"W10004_1064","DH",25685,185,1,10,185,NA,TRUE,FALSE
"231",231,231,"G2F_PHK76",2021,"MOH2",2,"MOH2_G2F_PHK76",1,23,230,"W10004_0866/PHK76",NA,"W10004_0866","DH",25730,230,1,11,230,NA,TRUE,FALSE
"232",232,232,"G2F_PHK76",2021,"MOH2",2,"MOH2_G2F_PHK76",1,23,229,"W10004_0651/PHK76",NA,"W10004_0651","DH",25729,229,2,11,229,NA,TRUE,FALSE
"233",233,233,"G2F_PHK76",2021,"MOH2",2,"MOH2_G2F_PHK76",1,23,228,"W10004_0190/PHK76",NA,"W10004_0190","DH",25728,228,3,11,228,NA,TRUE,FALSE
"234",234,234,"G2F_PHK76",2021,"MOH2",2,"MOH2_G2F_PHK76",1,23,227,"W10004_0682/PHK76",NA,"W10004_0682","DH",25727,227,4,11,227,NA,TRUE,FALSE
"235",235,235,"G2F_PHK76",2021,"MOH2",2,"MOH2_G2F_PHK76",1,23,226,"W10004_0988/PHK76",NA,"W10004_0988","DH",25726,226,5,11,226,NA,TRUE,FALSE
"236",236,236,"G2F_PHK76",2021,"MOH2",2,"MOH2_G2F_PHK76",1,23,225,"W10004_0122/PHK76",NA,"W10004_0122","DH",25725,225,6,11,225,NA,TRUE,FALSE
"237",237,237,"G2F_PHK76",2021,"MOH2",2,"MOH2_G2F_PHK76",1,24,237,"W10004_0153/PHK76",NA,"W10004_0153","DH",25737,237,7,11,237,NA,TRUE,TRUE
"238",238,238,"G2F_PHK76",2021,"MOH2",2,"MOH2_G2F_PHK76",1,24,238,"W10004_0669/PHK76",NA,"W10004_0669","DH",25738,238,8,11,238,NA,TRUE,TRUE
"239",239,239,"G2F_PHK76",2021,"MOH2",2,"MOH2_G2F_PHK76",1,23,222,"W10004_0268/PHK76",NA,"W10004_0268","DH",25722,222,9,11,222,NA,TRUE,FALSE
"240",240,240,"G2F_PHK76",2021,"MOH2",2,"MOH2_G2F_PHK76",1,23,221,"W10004_0071/PHK76",NA,"W10004_0071","DH",25721,221,10,11,221,NA,TRUE,FALSE
"241",241,241,"G2F_PHK76",2021,"MOH2",2,"MOH2_G2F_PHK76",1,25,241,"W10004_0064/PHK76",NA,"W10004_0064","DH",25741,241,11,11,241,NA,TRUE,TRUE
"242",242,242,"G2F_PHK76",2021,"MOH2",2,"MOH2_G2F_PHK76",1,25,242,"W10004_0771/PHK76",NA,"W10004_0771","DH",25742,242,12,11,242,NA,TRUE,TRUE
"243",243,243,"G2F_PHK76",2021,"MOH2",2,"MOH2_G2F_PHK76",1,22,218,"F42/MO17",NA,NA,"Check",25718,218,13,11,218,NA,TRUE,FALSE
"244",244,244,"G2F_PHK76",2021,"MOH2",2,"MOH2_G2F_PHK76",1,22,217,"W10004_0818/PHK76",NA,"W10004_0818","DH",25717,217,14,11,217,NA,TRUE,FALSE
"245",245,245,"G2F_PHK76",2021,"MOH2",2,"MOH2_G2F_PHK76",1,25,244,"W10004_0059/PHK76",NA,"W10004_0059","DH",25744,244,16,11,244,NA,TRUE,FALSE
"246",246,246,"G2F_PHK76",2021,"MOH2",2,"MOH2_G2F_PHK76",1,22,214,"B14A/MO17",NA,NA,"Check",25714,214,17,11,214,NA,TRUE,FALSE
"247",247,247,"G2F_PHK76",2021,"MOH2",2,"MOH2_G2F_PHK76",1,22,213,"CG119/CG108",NA,NA,"Check",25713,213,18,11,213,NA,TRUE,FALSE
"248",248,248,"G2F_PHK76",2021,"MOH2",2,"MOH2_G2F_PHK76",1,25,247,"W10004_0836/PHK76",NA,"W10004_0836","DH",25747,247,19,11,247,NA,TRUE,FALSE
"249",249,249,"G2F_PHK76",2021,"MOH2",2,"MOH2_G2F_PHK76",1,25,248,"W10004_0476/PHK76",NA,"W10004_0476","DH",25748,248,20,11,248,NA,TRUE,FALSE
"250",250,250,"G2F_PHK76",2021,"MOH2",2,"MOH2_G2F_PHK76",1,21,210,"B37/H95",NA,NA,"Check",25710,210,21,11,210,NA,TRUE,FALSE
"251",251,251,"G2F_PHK76",2021,"MOH2",2,"MOH2_G2F_PHK76",1,21,209,"W10004_0802/PHK76",NA,"W10004_0802","DH",25709,209,22,11,209,NA,TRUE,FALSE
"252",252,252,"G2F_PHK76",2021,"MOH2",2,"MOH2_G2F_PHK76",2,1,1,"W10004_0099/PHK76",NA,"W10004_0099","DH",25751,251,23,11,251,NA,TRUE,FALSE
"253",253,280,"G2F_PHK76",2021,"MOH2",2,"MOH2_G2F_PHK76",2,1,2,"TX779/LH195",NA,NA,"Check",25752,252,23,12,252,NA,TRUE,FALSE
"254",254,279,"G2F_PHK76",2021,"MOH2",2,"MOH2_G2F_PHK76",1,25,250,"W10004_1099/PHK76",NA,"W10004_1099","DH",25750,250,22,12,250,NA,TRUE,FALSE
"255",255,278,"G2F_PHK76",2021,"MOH2",2,"MOH2_G2F_PHK76",1,25,249,"CG44/CGR01",NA,NA,"Check",25749,249,21,12,249,NA,TRUE,FALSE
"256",256,277,"G2F_PHK76",2021,"MOH2",2,"MOH2_G2F_PHK76",2,1,5,"W10004_0847/PHK76",NA,"W10004_0847","DH",25755,255,20,12,255,NA,TRUE,FALSE
"257",257,276,"G2F_PHK76",2021,"MOH2",2,"MOH2_G2F_PHK76",2,1,6,"W10004_0914/PHK76",NA,"W10004_0914","DH",25756,256,19,12,256,NA,TRUE,FALSE
"258",258,275,"G2F_PHK76",2021,"MOH2",2,"MOH2_G2F_PHK76",1,25,246,"W10004_0834/PHK76",NA,"W10004_0834","DH",25746,246,18,12,246,NA,TRUE,FALSE
"259",259,274,"G2F_PHK76",2021,"MOH2",2,"MOH2_G2F_PHK76",1,25,245,"W10004_0412/PHK76",NA,"W10004_0412","DH",25745,245,17,12,245,NA,TRUE,FALSE
"260",260,273,"G2F_PHK76",2021,"MOH2",2,"MOH2_G2F_PHK76",2,1,9,"W10004_0935/PHK76",NA,"W10004_0935","DH",25759,259,16,12,259,NA,TRUE,FALSE
"261",261,272,"G2F_PHK76",2021,"MOH2",2,"MOH2_G2F_PHK76",2,1,10,"W10004_0018/PHK76",NA,"W10004_0018","DH",25760,260,15,12,260,NA,TRUE,FALSE
"262",262,271,"G2F_PHK76",2021,"MOH2",2,"MOH2_G2F_PHK76",1,25,243,"W10004_0723/PHK76",NA,"W10004_0723","DH",25743,243,13,12,243,NA,TRUE,FALSE
"263",263,270,"G2F_PHK76",2021,"MOH2",2,"MOH2_G2F_PHK76",2,2,13,"W10004_1156/PHK76",NA,"W10004_1156","DH",25763,263,12,12,263,NA,TRUE,TRUE
"264",264,269,"G2F_PHK76",2021,"MOH2",2,"MOH2_G2F_PHK76",2,2,14,"W10004_0885/PHK76",NA,"W10004_0885","DH",25764,264,11,12,264,NA,TRUE,TRUE
"265",265,268,"G2F_PHK76",2021,"MOH2",2,"MOH2_G2F_PHK76",1,24,240,"W10004_0697/PHK76",NA,"W10004_0697","DH",25740,240,10,12,240,NA,TRUE,FALSE
"266",266,267,"G2F_PHK76",2021,"MOH2",2,"MOH2_G2F_PHK76",1,24,239,"W10004_0121/PHK76",NA,"W10004_0121","DH",25739,239,9,12,239,NA,TRUE,FALSE
"267",267,266,"G2F_PHK76",2021,"MOH2",2,"MOH2_G2F_PHK76",2,2,17,"W10004_0166/PHK76",NA,"W10004_0166","DH",25767,267,8,12,267,NA,TRUE,TRUE
"268",268,265,"G2F_PHK76",2021,"MOH2",2,"MOH2_G2F_PHK76",2,2,18,"W10004_0658/PHK76",NA,"W10004_0658","DH",25768,268,7,12,268,NA,TRUE,TRUE
"269",269,264,"G2F_PHK76",2021,"MOH2",2,"MOH2_G2F_PHK76",1,24,236,"W10004_0200/PHK76",NA,"W10004_0200","DH",25736,236,6,12,236,NA,TRUE,FALSE
"270",270,263,"G2F_PHK76",2021,"MOH2",2,"MOH2_G2F_PHK76",1,24,235,"W10004_0039/PHK76",NA,"W10004_0039","DH",25735,235,5,12,235,NA,TRUE,FALSE
"271",271,262,"G2F_PHK76",2021,"MOH2",2,"MOH2_G2F_PHK76",1,24,234,"W10004_0951/PHK76",NA,"W10004_0951","DH",25734,234,4,12,234,NA,TRUE,FALSE
"272",272,261,"G2F_PHK76",2021,"MOH2",2,"MOH2_G2F_PHK76",1,24,233,"W10004_0161/PHK76",NA,"W10004_0161","DH",25733,233,3,12,233,NA,TRUE,FALSE
"273",273,260,"G2F_PHK76",2021,"MOH2",2,"MOH2_G2F_PHK76",1,24,232,"W10004_0035/PHK76",NA,"W10004_0035","DH",25732,232,2,12,232,NA,TRUE,FALSE
"274",274,259,"G2F_PHK76",2021,"MOH2",2,"MOH2_G2F_PHK76",1,24,231,"W10004_0185/PHK76",NA,"W10004_0185","DH",25731,231,1,12,231,NA,TRUE,FALSE
"275",275,258,"G2F_PHK76",2021,"MOH2",2,"MOH2_G2F_PHK76",2,3,24,"PB80/TX779",NA,NA,"Check",25774,274,1,13,274,NA,TRUE,FALSE
"276",276,257,"G2F_PHK76",2021,"MOH2",2,"MOH2_G2F_PHK76",2,3,23,"W10004_0362/PHK76",NA,"W10004_0362","DH",25773,273,2,13,273,NA,TRUE,FALSE
"277",277,256,"G2F_PHK76",2021,"MOH2",2,"MOH2_G2F_PHK76",2,3,22,"W10004_0913/PHK76",NA,"W10004_0913","DH",25772,272,3,13,272,NA,TRUE,FALSE
"278",278,255,"G2F_PHK76",2021,"MOH2",2,"MOH2_G2F_PHK76",2,3,21,"W10004_0667/PHK76",NA,"W10004_0667","DH",25771,271,4,13,271,NA,TRUE,FALSE
"279",279,254,"G2F_PHK76",2021,"MOH2",2,"MOH2_G2F_PHK76",2,2,20,"W10004_0774/PHK76",NA,"W10004_0774","DH",25770,270,5,13,270,NA,TRUE,FALSE
"280",280,253,"G2F_PHK76",2021,"MOH2",2,"MOH2_G2F_PHK76",2,2,19,"W10004_0628/PHK76",NA,"W10004_0628","DH",25769,269,6,13,269,NA,TRUE,FALSE
"281",281,281,"G2F_PHK76",2021,"MOH2",2,"MOH2_G2F_PHK76",2,4,31,"W10004_0412/PHK76",NA,"W10004_0412","DH",25781,281,7,13,281,NA,TRUE,TRUE
"282",282,282,"G2F_PHK76",2021,"MOH2",2,"MOH2_G2F_PHK76",2,4,32,"W10004_0308/PHK76",NA,"W10004_0308","DH",25782,282,8,13,282,NA,TRUE,TRUE
"283",283,283,"G2F_PHK76",2021,"MOH2",2,"MOH2_G2F_PHK76",2,2,16,"LH195/TX779",NA,NA,"Check",25766,266,9,13,266,NA,TRUE,FALSE
"284",284,284,"G2F_PHK76",2021,"MOH2",2,"MOH2_G2F_PHK76",2,2,15,"W10004_1002/PHK76",NA,"W10004_1002","DH",25765,265,10,13,265,NA,TRUE,FALSE
"285",285,285,"G2F_PHK76",2021,"MOH2",2,"MOH2_G2F_PHK76",2,4,35,"W10004_0844/PHK76",NA,"W10004_0844","DH",25785,285,11,13,285,NA,TRUE,TRUE
"286",286,286,"G2F_PHK76",2021,"MOH2",2,"MOH2_G2F_PHK76",2,4,36,"LH82/TX779",NA,NA,"Check",25786,286,12,13,286,NA,TRUE,TRUE
"287",287,287,"G2F_PHK76",2021,"MOH2",2,"MOH2_G2F_PHK76",2,2,12,"W10004_0152/PHK76",NA,"W10004_0152","DH",25762,262,13,13,262,NA,TRUE,FALSE
"288",288,288,"G2F_PHK76",2021,"MOH2",2,"MOH2_G2F_PHK76",2,2,11,"W10004_1011/PHK76",NA,"W10004_1011","DH",25761,261,14,13,261,NA,TRUE,FALSE
"289",289,289,"G2F_PHK76",2021,"MOH2",2,"MOH2_G2F_PHK76",2,4,39,"W10004_0116/PHK76",NA,"W10004_0116","DH",25789,289,15,13,289,NA,TRUE,TRUE
"290",290,290,"G2F_PHK76",2021,"MOH2",2,"MOH2_G2F_PHK76",2,4,40,"W10004_0646/PHK76",NA,"W10004_0646","DH",25790,290,16,13,290,NA,TRUE,TRUE
"291",291,291,"G2F_PHK76",2021,"MOH2",2,"MOH2_G2F_PHK76",2,1,8,"W10004_0830/PHK76",NA,"W10004_0830","DH",25758,258,17,13,258,NA,TRUE,FALSE
"292",292,292,"G2F_PHK76",2021,"MOH2",2,"MOH2_G2F_PHK76",2,1,7,"W10004_0133/PHK76",NA,"W10004_0133","DH",25757,257,18,13,257,NA,TRUE,FALSE
"293",293,293,"G2F_PHK76",2021,"MOH2",2,"MOH2_G2F_PHK76",2,5,43,"W10004_0920/PHK76",NA,"W10004_0920","DH",25793,293,19,13,293,NA,TRUE,TRUE
"294",294,294,"G2F_PHK76",2021,"MOH2",2,"MOH2_G2F_PHK76",2,5,44,"W10004_0026/PHK76",NA,"W10004_0026","DH",25794,294,20,13,294,NA,TRUE,TRUE
"295",295,295,"G2F_PHK76",2021,"MOH2",2,"MOH2_G2F_PHK76",2,1,4,"W10004_0951/PHK76",NA,"W10004_0951","DH",25754,254,21,13,254,NA,TRUE,FALSE
"296",296,296,"G2F_PHK76",2021,"MOH2",2,"MOH2_G2F_PHK76",2,1,3,"B73/MO17",NA,NA,"Check",25753,253,22,13,253,NA,TRUE,FALSE
"297",297,297,"G2F_PHK76",2021,"MOH2",2,"MOH2_G2F_PHK76",2,5,47,"CG44/CGR01",NA,NA,"Check",25797,297,23,13,297,NA,TRUE,TRUE
"298",298,298,"G2F_PHK76",2021,"MOH2",2,"MOH2_G2F_PHK76",2,5,48,"W10004_0206/PHK76",NA,"W10004_0206","DH",25798,298,23,14,298,NA,TRUE,TRUE
"299",299,299,"G2F_PHK76",2021,"MOH2",2,"MOH2_G2F_PHK76",2,5,46,"W10004_0823/PHK76",NA,"W10004_0823","DH",25796,296,22,14,296,NA,TRUE,FALSE
"300",300,300,"G2F_PHK76",2021,"MOH2",2,"MOH2_G2F_PHK76",2,5,45,"W10004_0938/PHK76",NA,"W10004_0938","DH",25795,295,21,14,295,NA,TRUE,FALSE
"301",301,301,"G2F_PHK76",2021,"MOH2",2,"MOH2_G2F_PHK76",2,6,51,"W10004_0127/PHK76",NA,"W10004_0127","DH",25801,301,20,14,301,NA,TRUE,TRUE
"302",302,302,"G2F_PHK76",2021,"MOH2",2,"MOH2_G2F_PHK76",2,6,52,"W10004_0705/PHK76",NA,"W10004_0705","DH",25802,302,19,14,302,NA,TRUE,TRUE
"303",303,303,"G2F_PHK76",2021,"MOH2",2,"MOH2_G2F_PHK76",2,5,42,"W10004_0394/PHK76",NA,"W10004_0394","DH",25792,292,18,14,292,NA,TRUE,FALSE
"304",304,304,"G2F_PHK76",2021,"MOH2",2,"MOH2_G2F_PHK76",2,5,41,"W10004_0727/PHK76",NA,"W10004_0727","DH",25791,291,17,14,291,NA,TRUE,FALSE
"305",305,305,"G2F_PHK76",2021,"MOH2",2,"MOH2_G2F_PHK76",2,6,55,"W10004_0299/PHK76",NA,"W10004_0299","DH",25805,305,16,14,305,NA,TRUE,TRUE
"306",306,306,"G2F_PHK76",2021,"MOH2",2,"MOH2_G2F_PHK76",2,6,56,"W10004_0626/PHK76",NA,"W10004_0626","DH",25806,306,15,14,306,NA,TRUE,TRUE
"307",307,307,"G2F_PHK76",2021,"MOH2",2,"MOH2_G2F_PHK76",2,4,38,"W10004_0253/PHK76",NA,"W10004_0253","DH",25788,288,14,14,288,NA,TRUE,FALSE
"308",308,308,"G2F_PHK76",2021,"MOH2",2,"MOH2_G2F_PHK76",2,4,37,"W10004_0842/PHK76",NA,"W10004_0842","DH",25787,287,13,14,287,NA,TRUE,FALSE
"309",309,336,"G2F_PHK76",2021,"MOH2",2,"MOH2_G2F_PHK76",2,6,59,"W10004_1081/PHK76",NA,"W10004_1081","DH",25809,309,12,14,309,NA,TRUE,TRUE
"310",310,335,"G2F_PHK76",2021,"MOH2",2,"MOH2_G2F_PHK76",2,6,60,"W10004_0086/PHK76",NA,"W10004_0086","DH",25810,310,11,14,310,NA,TRUE,TRUE
"311",311,334,"G2F_PHK76",2021,"MOH2",2,"MOH2_G2F_PHK76",2,4,34,"W10004_0997/PHK76",NA,"W10004_0997","DH",25784,284,10,14,284,NA,TRUE,FALSE
"312",312,333,"G2F_PHK76",2021,"MOH2",2,"MOH2_G2F_PHK76",2,4,33,"W10004_0220/PHK76",NA,"W10004_0220","DH",25783,283,9,14,283,NA,TRUE,FALSE
"313",313,332,"G2F_PHK76",2021,"MOH2",2,"MOH2_G2F_PHK76",2,7,63,"W10004_0042/PHK76",NA,"W10004_0042","DH",25813,313,8,14,313,NA,TRUE,TRUE
"314",314,331,"G2F_PHK76",2021,"MOH2",2,"MOH2_G2F_PHK76",2,7,64,"W10004_0751/PHK76",NA,"W10004_0751","DH",25814,314,7,14,314,NA,TRUE,TRUE
"315",315,330,"G2F_PHK76",2021,"MOH2",2,"MOH2_G2F_PHK76",2,3,30,"W10004_0238/PHK76",NA,"W10004_0238","DH",25780,280,6,14,280,NA,TRUE,FALSE
"316",316,329,"G2F_PHK76",2021,"MOH2",2,"MOH2_G2F_PHK76",2,3,29,"W10004_0138/PHK76",NA,"W10004_0138","DH",25779,279,5,14,279,NA,TRUE,FALSE
"317",317,328,"G2F_PHK76",2021,"MOH2",2,"MOH2_G2F_PHK76",2,3,28,"W10004_1117/PHK76",NA,"W10004_1117","DH",25778,278,4,14,278,NA,TRUE,FALSE
"318",318,327,"G2F_PHK76",2021,"MOH2",2,"MOH2_G2F_PHK76",2,3,27,"W10004_0106/PHK76",NA,"W10004_0106","DH",25777,277,3,14,277,NA,TRUE,FALSE
"319",319,326,"G2F_PHK76",2021,"MOH2",2,"MOH2_G2F_PHK76",2,3,26,"W10004_0150/PHK76",NA,"W10004_0150","DH",25776,276,2,14,276,NA,TRUE,FALSE
"320",320,325,"G2F_PHK76",2021,"MOH2",2,"MOH2_G2F_PHK76",2,3,25,"W10004_0395/PHK76",NA,"W10004_0395","DH",25775,275,1,14,275,NA,TRUE,FALSE
"321",321,324,"G2F_PHK76",2021,"MOH2",2,"MOH2_G2F_PHK76",2,7,70,"F42/H95",NA,NA,"Check",25820,320,1,15,320,NA,TRUE,FALSE
"322",322,323,"G2F_PHK76",2021,"MOH2",2,"MOH2_G2F_PHK76",2,7,69,"W10004_0467/PHK76",NA,"W10004_0467","DH",25819,319,2,15,319,NA,TRUE,FALSE
"323",323,322,"G2F_PHK76",2021,"MOH2",2,"MOH2_G2F_PHK76",2,7,68,"W10004_0011/PHK76",NA,"W10004_0011","DH",25818,318,3,15,318,NA,TRUE,FALSE
"324",324,321,"G2F_PHK76",2021,"MOH2",2,"MOH2_G2F_PHK76",2,7,67,"W10004_0956/PHK76",NA,"W10004_0956","DH",25817,317,4,15,317,NA,TRUE,FALSE
"325",325,320,"G2F_PHK76",2021,"MOH2",2,"MOH2_G2F_PHK76",2,7,66,"W10004_0982/PHK76",NA,"W10004_0982","DH",25816,316,5,15,316,NA,TRUE,FALSE
"326",326,319,"G2F_PHK76",2021,"MOH2",2,"MOH2_G2F_PHK76",2,7,65,"W10004_0223/PHK76",NA,"W10004_0223","DH",25815,315,6,15,315,NA,TRUE,FALSE
"327",327,318,"G2F_PHK76",2021,"MOH2",2,"MOH2_G2F_PHK76",2,8,77,"W10004_0013/PHK76",NA,"W10004_0013","DH",25827,327,7,15,327,NA,TRUE,TRUE
"328",328,317,"G2F_PHK76",2021,"MOH2",2,"MOH2_G2F_PHK76",2,8,78,"W10004_0789/PHK76",NA,"W10004_0789","DH",25828,328,8,15,328,NA,TRUE,TRUE
"329",329,316,"G2F_PHK76",2021,"MOH2",2,"MOH2_G2F_PHK76",2,7,62,"W10004_0620/PHK76",NA,"W10004_0620","DH",25812,312,9,15,312,NA,TRUE,FALSE
"330",330,315,"G2F_PHK76",2021,"MOH2",2,"MOH2_G2F_PHK76",2,7,61,"W10004_0262/PHK76",NA,"W10004_0262","DH",25811,311,10,15,311,NA,TRUE,FALSE
"331",331,314,"G2F_PHK76",2021,"MOH2",2,"MOH2_G2F_PHK76",2,9,81,"W10004_0146/PHK76",NA,"W10004_0146","DH",25831,331,11,15,331,NA,TRUE,TRUE
"332",332,313,"G2F_PHK76",2021,"MOH2",2,"MOH2_G2F_PHK76",2,9,82,"TX110/87916",NA,NA,"Check",25832,332,12,15,332,NA,TRUE,TRUE
"333",333,312,"G2F_PHK76",2021,"MOH2",2,"MOH2_G2F_PHK76",2,6,58,"W10004_0695/PHK76",NA,"W10004_0695","DH",25808,308,13,15,308,NA,TRUE,FALSE
"334",334,311,"G2F_PHK76",2021,"MOH2",2,"MOH2_G2F_PHK76",2,6,57,"W10004_0856/PHK76",NA,"W10004_0856","DH",25807,307,14,15,307,NA,TRUE,FALSE
"335",335,310,"G2F_PHK76",2021,"MOH2",2,"MOH2_G2F_PHK76",2,9,85,"W10004_1112/PHK76",NA,"W10004_1112","DH",25835,335,15,15,335,NA,TRUE,TRUE
"336",336,309,"G2F_PHK76",2021,"MOH2",2,"MOH2_G2F_PHK76",2,9,86,"W10004_1099/PHK76",NA,"W10004_1099","DH",25836,336,16,15,336,NA,TRUE,TRUE
"337",337,337,"G2F_PHK76",2021,"MOH2",2,"MOH2_G2F_PHK76",2,6,54,"W10004_0148/PHK76",NA,"W10004_0148","DH",25804,304,17,15,304,NA,TRUE,FALSE
"338",338,338,"G2F_PHK76",2021,"MOH2",2,"MOH2_G2F_PHK76",2,6,53,"W10004_0682/PHK76",NA,"W10004_0682","DH",25803,303,18,15,303,NA,TRUE,FALSE
"339",339,339,"G2F_PHK76",2021,"MOH2",2,"MOH2_G2F_PHK76",2,9,89,"W10004_0859/PHK76",NA,"W10004_0859","DH",25839,339,19,15,339,NA,TRUE,TRUE
"340",340,340,"G2F_PHK76",2021,"MOH2",2,"MOH2_G2F_PHK76",2,9,90,"W10004_0329/PHK76",NA,"W10004_0329","DH",25840,340,20,15,340,NA,TRUE,TRUE
"341",341,341,"G2F_PHK76",2021,"MOH2",2,"MOH2_G2F_PHK76",2,5,50,"REDEAR/LH195",NA,NA,"Check",25800,300,21,15,300,NA,TRUE,FALSE
"342",342,342,"G2F_PHK76",2021,"MOH2",2,"MOH2_G2F_PHK76",2,5,49,"W10004_0276/PHK76",NA,"W10004_0276","DH",25799,299,22,15,299,NA,TRUE,FALSE
"343",343,343,"G2F_PHK76",2021,"MOH2",2,"MOH2_G2F_PHK76",2,10,93,"W10004_1015/PHK76",NA,"W10004_1015","DH",25843,343,23,15,343,NA,TRUE,TRUE
"344",344,344,"G2F_PHK76",2021,"MOH2",2,"MOH2_G2F_PHK76",2,10,94,"W10004_0134/PHK76",NA,"W10004_0134","DH",25844,344,23,16,344,NA,TRUE,TRUE
"345",345,345,"G2F_PHK76",2021,"MOH2",2,"MOH2_G2F_PHK76",2,10,92,"W10004_1014/PHK76",NA,"W10004_1014","DH",25842,342,22,16,342,NA,TRUE,FALSE
"346",346,346,"G2F_PHK76",2021,"MOH2",2,"MOH2_G2F_PHK76",2,10,91,"W10004_0696/PHK76",NA,"W10004_0696","DH",25841,341,21,16,341,NA,TRUE,FALSE
"347",347,347,"G2F_PHK76",2021,"MOH2",2,"MOH2_G2F_PHK76",2,10,97,"W10004_0781/PHK76",NA,"W10004_0781","DH",25847,347,20,16,347,NA,TRUE,TRUE
"348",348,348,"G2F_PHK76",2021,"MOH2",2,"MOH2_G2F_PHK76",2,10,98,"W10004_0027/PHK76",NA,"W10004_0027","DH",25848,348,19,16,348,NA,TRUE,TRUE
"349",349,349,"G2F_PHK76",2021,"MOH2",2,"MOH2_G2F_PHK76",2,9,88,"W10004_0038/PHK76",NA,"W10004_0038","DH",25838,338,18,16,338,NA,TRUE,FALSE
"350",350,350,"G2F_PHK76",2021,"MOH2",2,"MOH2_G2F_PHK76",2,9,87,"W10004_1140/PHK76",NA,"W10004_1140","DH",25837,337,17,16,337,NA,TRUE,FALSE
"351",351,351,"G2F_PHK76",2021,"MOH2",2,"MOH2_G2F_PHK76",2,11,101,"W10004_0736/PHK76",NA,"W10004_0736","DH",25851,351,16,16,351,NA,TRUE,TRUE
"352",352,352,"G2F_PHK76",2021,"MOH2",2,"MOH2_G2F_PHK76",2,11,102,"W10004_0760/PHK76",NA,"W10004_0760","DH",25852,352,15,16,352,NA,TRUE,TRUE
"353",353,353,"G2F_PHK76",2021,"MOH2",2,"MOH2_G2F_PHK76",2,9,84,"W10004_0270/PHK76",NA,"W10004_0270","DH",25834,334,14,16,334,NA,TRUE,FALSE
"354",354,354,"G2F_PHK76",2021,"MOH2",2,"MOH2_G2F_PHK76",2,9,83,"W10004_0396/PHK76",NA,"W10004_0396","DH",25833,333,13,16,333,NA,TRUE,FALSE
"355",355,355,"G2F_PHK76",2021,"MOH2",2,"MOH2_G2F_PHK76",2,11,105,"W10004_0664/PHK76",NA,"W10004_0664","DH",25855,355,12,16,355,NA,TRUE,TRUE
"356",356,356,"G2F_PHK76",2021,"MOH2",2,"MOH2_G2F_PHK76",2,11,106,"W10004_0974/PHK76",NA,"W10004_0974","DH",25856,356,11,16,356,NA,TRUE,TRUE
"357",357,357,"G2F_PHK76",2021,"MOH2",2,"MOH2_G2F_PHK76",2,8,80,"W10004_0487/PHK76",NA,"W10004_0487","DH",25830,330,10,16,330,NA,TRUE,FALSE
"358",358,358,"G2F_PHK76",2021,"MOH2",2,"MOH2_G2F_PHK76",2,8,79,"TX773/TX779",NA,NA,"Check",25829,329,9,16,329,NA,TRUE,FALSE
"359",359,359,"G2F_PHK76",2021,"MOH2",2,"MOH2_G2F_PHK76",2,11,109,"W10004_0918/PHK76",NA,"W10004_0918","DH",25859,359,8,16,359,NA,TRUE,TRUE
"360",360,360,"G2F_PHK76",2021,"MOH2",2,"MOH2_G2F_PHK76",2,11,110,"W10004_0955/PHK76",NA,"W10004_0955","DH",25860,360,7,16,360,NA,TRUE,TRUE
"361",361,361,"G2F_PHK76",2021,"MOH2",2,"MOH2_G2F_PHK76",2,8,76,"W10004_0840/PHK76",NA,"W10004_0840","DH",25826,326,6,16,326,NA,TRUE,FALSE
"362",362,362,"G2F_PHK76",2021,"MOH2",2,"MOH2_G2F_PHK76",2,8,75,"W10004_0984/PHK76",NA,"W10004_0984","DH",25825,325,5,16,325,NA,TRUE,FALSE
"363",363,363,"G2F_PHK76",2021,"MOH2",2,"MOH2_G2F_PHK76",2,8,74,"W10004_0608/PHK76",NA,"W10004_0608","DH",25824,324,4,16,324,NA,TRUE,FALSE
"364",364,364,"G2F_PHK76",2021,"MOH2",2,"MOH2_G2F_PHK76",2,8,73,"W10004_0097/PHK76",NA,"W10004_0097","DH",25823,323,3,16,323,NA,TRUE,FALSE
"365",365,391,"G2F_PHK76",2021,"MOH2",2,"MOH2_G2F_PHK76",2,8,72,"W10004_0812/PHK76",NA,"W10004_0812","DH",25822,322,2,16,322,NA,TRUE,FALSE
"366",366,390,"G2F_PHK76",2021,"MOH2",2,"MOH2_G2F_PHK76",2,8,71,"F42/OH43",NA,NA,"Check",25821,321,1,16,321,NA,TRUE,FALSE
"367",367,389,"G2F_PHK76",2021,"MOH2",2,"MOH2_G2F_PHK76",2,12,116,"W10004_0747/PHK76",NA,"W10004_0747","DH",25866,366,1,17,366,NA,TRUE,FALSE
"368",368,388,"G2F_PHK76",2021,"MOH2",2,"MOH2_G2F_PHK76",2,12,115,"W10004_0046/PHK76",NA,"W10004_0046","DH",25865,365,2,17,365,NA,TRUE,FALSE
"369",369,387,"G2F_PHK76",2021,"MOH2",2,"MOH2_G2F_PHK76",2,12,114,"W10004_1072/PHK76",NA,"W10004_1072","DH",25864,364,3,17,364,NA,TRUE,FALSE
"370",370,386,"G2F_PHK76",2021,"MOH2",2,"MOH2_G2F_PHK76",2,12,113,"W10004_0061/PHK76",NA,"W10004_0061","DH",25863,363,4,17,363,NA,TRUE,FALSE
"371",371,385,"G2F_PHK76",2021,"MOH2",2,"MOH2_G2F_PHK76",2,12,112,"W10004_0072/PHK76",NA,"W10004_0072","DH",25862,362,5,17,362,NA,TRUE,FALSE
"372",372,384,"G2F_PHK76",2021,"MOH2",2,"MOH2_G2F_PHK76",2,12,111,"W10004_0110/PHK76",NA,"W10004_0110","DH",25861,361,6,17,361,NA,TRUE,FALSE
"373",373,383,"G2F_PHK76",2021,"MOH2",2,"MOH2_G2F_PHK76",2,13,123,"W10004_0419/PHK76",NA,"W10004_0419","DH",25873,373,7,17,373,NA,TRUE,TRUE
"374",374,382,"G2F_PHK76",2021,"MOH2",2,"MOH2_G2F_PHK76",2,13,124,"W10004_0068/PHK76",NA,"W10004_0068","DH",25874,374,8,17,374,NA,TRUE,TRUE
"375",375,381,"G2F_PHK76",2021,"MOH2",2,"MOH2_G2F_PHK76",2,11,108,"B73/TX779",NA,NA,"Check",25858,358,9,17,358,NA,TRUE,FALSE
"376",376,380,"G2F_PHK76",2021,"MOH2",2,"MOH2_G2F_PHK76",2,11,107,"W10004_0242/PHK76",NA,"W10004_0242","DH",25857,357,10,17,357,NA,TRUE,FALSE
"377",377,379,"G2F_PHK76",2021,"MOH2",2,"MOH2_G2F_PHK76",2,13,127,"W10004_1037/PHK76",NA,"W10004_1037","DH",25877,377,11,17,377,NA,TRUE,TRUE
"378",378,378,"G2F_PHK76",2021,"MOH2",2,"MOH2_G2F_PHK76",2,13,128,"W10004_1123/PHK76",NA,"W10004_1123","DH",25878,378,12,17,378,NA,TRUE,TRUE
"379",379,377,"G2F_PHK76",2021,"MOH2",2,"MOH2_G2F_PHK76",2,11,104,"W10004_0891/PHK76",NA,"W10004_0891","DH",25854,354,13,17,354,NA,TRUE,FALSE
"380",380,376,"G2F_PHK76",2021,"MOH2",2,"MOH2_G2F_PHK76",2,11,103,"W10004_0991/PHK76",NA,"W10004_0991","DH",25853,353,14,17,353,NA,TRUE,FALSE
"381",381,375,"G2F_PHK76",2021,"MOH2",2,"MOH2_G2F_PHK76",2,14,131,"W10004_0424/PHK76",NA,"W10004_0424","DH",25881,381,15,17,381,NA,TRUE,TRUE
"382",382,374,"G2F_PHK76",2021,"MOH2",2,"MOH2_G2F_PHK76",2,14,132,"B37/H95",NA,NA,"Check",25882,382,16,17,382,NA,TRUE,TRUE
"383",383,373,"G2F_PHK76",2021,"MOH2",2,"MOH2_G2F_PHK76",2,10,100,"W10004_0964/PHK76",NA,"W10004_0964","DH",25850,350,17,17,350,NA,TRUE,FALSE
"384",384,372,"G2F_PHK76",2021,"MOH2",2,"MOH2_G2F_PHK76",2,10,99,"W10004_0907/PHK76",NA,"W10004_0907","DH",25849,349,18,17,349,NA,TRUE,FALSE
"385",385,371,"G2F_PHK76",2021,"MOH2",2,"MOH2_G2F_PHK76",2,14,135,"W10004_0672/PHK76",NA,"W10004_0672","DH",25885,385,19,17,385,NA,TRUE,TRUE
"386",386,370,"G2F_PHK76",2021,"MOH2",2,"MOH2_G2F_PHK76",2,14,136,"W10004_0010/PHK76",NA,"W10004_0010","DH",25886,386,20,17,386,NA,TRUE,TRUE
"387",387,369,"G2F_PHK76",2021,"MOH2",2,"MOH2_G2F_PHK76",2,10,96,"W10004_0112/PHK76",NA,"W10004_0112","DH",25846,346,21,17,346,NA,TRUE,FALSE
"388",388,368,"G2F_PHK76",2021,"MOH2",2,"MOH2_G2F_PHK76",2,10,95,"W10004_0711/PHK76",NA,"W10004_0711","DH",25845,345,22,17,345,NA,TRUE,FALSE
"389",389,367,"G2F_PHK76",2021,"MOH2",2,"MOH2_G2F_PHK76",2,14,139,"W10004_0953/PHK76",NA,"W10004_0953","DH",25889,389,23,17,389,NA,TRUE,TRUE
"390",390,366,"G2F_PHK76",2021,"MOH2",2,"MOH2_G2F_PHK76",2,14,140,"W10004_0053/PHK76",NA,"W10004_0053","DH",25890,390,23,18,390,NA,TRUE,TRUE
"391",391,365,"G2F_PHK76",2021,"MOH2",2,"MOH2_G2F_PHK76",2,14,138,"W10004_0807/PHK76",NA,"W10004_0807","DH",25888,388,22,18,388,NA,TRUE,FALSE
"392",392,392,"G2F_PHK76",2021,"MOH2",2,"MOH2_G2F_PHK76",2,14,137,"W10004_0746/PHK76",NA,"W10004_0746","DH",25887,387,21,18,387,NA,TRUE,FALSE
"393",393,393,"G2F_PHK76",2021,"MOH2",2,"MOH2_G2F_PHK76",2,15,143,"W10004_0654/PHK76",NA,"W10004_0654","DH",25893,393,20,18,393,NA,TRUE,TRUE
"394",394,394,"G2F_PHK76",2021,"MOH2",2,"MOH2_G2F_PHK76",2,15,144,"W10004_0007/PHK76",NA,"W10004_0007","DH",25894,394,19,18,394,NA,TRUE,TRUE
"395",395,395,"G2F_PHK76",2021,"MOH2",2,"MOH2_G2F_PHK76",2,14,134,"W10004_0034/PHK76",NA,"W10004_0034","DH",25884,384,18,18,384,NA,TRUE,FALSE
"396",396,396,"G2F_PHK76",2021,"MOH2",2,"MOH2_G2F_PHK76",2,14,133,"W10004_0858/PHK76",NA,"W10004_0858","DH",25883,383,17,18,383,NA,TRUE,FALSE
"397",397,397,"G2F_PHK76",2021,"MOH2",2,"MOH2_G2F_PHK76",2,15,147,"W10004_0787/PHK76",NA,"W10004_0787","DH",25897,397,16,18,397,NA,TRUE,TRUE
"398",398,398,"G2F_PHK76",2021,"MOH2",2,"MOH2_G2F_PHK76",2,15,148,"W10004_0622/PHK76",NA,"W10004_0622","DH",25898,398,15,18,398,NA,TRUE,TRUE
"399",399,399,"G2F_PHK76",2021,"MOH2",2,"MOH2_G2F_PHK76",2,13,130,"W10004_0194/PHK76",NA,"W10004_0194","DH",25880,380,14,18,380,NA,TRUE,FALSE
"400",400,400,"G2F_PHK76",2021,"MOH2",2,"MOH2_G2F_PHK76",2,13,129,"W10004_0773/PHK76",NA,"W10004_0773","DH",25879,379,13,18,379,NA,TRUE,FALSE
"401",401,401,"G2F_PHK76",2021,"MOH2",2,"MOH2_G2F_PHK76",2,16,151,"W10004_0261/PHK76",NA,"W10004_0261","DH",25901,401,12,18,401,NA,TRUE,TRUE
"402",402,402,"G2F_PHK76",2021,"MOH2",2,"MOH2_G2F_PHK76",2,16,152,"W10004_0886/PHK76",NA,"W10004_0886","DH",25902,402,11,18,402,NA,TRUE,TRUE
"403",403,403,"G2F_PHK76",2021,"MOH2",2,"MOH2_G2F_PHK76",2,13,126,"W10004_0213/PHK76",NA,"W10004_0213","DH",25876,376,10,18,376,NA,TRUE,FALSE
"404",404,404,"G2F_PHK76",2021,"MOH2",2,"MOH2_G2F_PHK76",2,13,125,"W10004_0950/PHK76",NA,"W10004_0950","DH",25875,375,9,18,375,NA,TRUE,FALSE
"405",405,405,"G2F_PHK76",2021,"MOH2",2,"MOH2_G2F_PHK76",2,16,155,"W10004_1084/PHK76",NA,"W10004_1084","DH",25905,405,8,18,405,NA,TRUE,TRUE
"406",406,406,"G2F_PHK76",2021,"MOH2",2,"MOH2_G2F_PHK76",2,16,156,"W10004_0701/PHK76",NA,"W10004_0701","DH",25906,406,7,18,406,NA,TRUE,TRUE
"407",407,407,"G2F_PHK76",2021,"MOH2",2,"MOH2_G2F_PHK76",2,13,122,"W10004_0227/PHK76",NA,"W10004_0227","DH",25872,372,6,18,372,NA,TRUE,FALSE
"408",408,408,"G2F_PHK76",2021,"MOH2",2,"MOH2_G2F_PHK76",2,13,121,"W10004_0801/PHK76",NA,"W10004_0801","DH",25871,371,5,18,371,NA,TRUE,FALSE
"409",409,409,"G2F_PHK76",2021,"MOH2",2,"MOH2_G2F_PHK76",2,12,120,"B37/OH43",NA,NA,"Check",25870,370,4,18,370,NA,TRUE,FALSE
"410",410,410,"G2F_PHK76",2021,"MOH2",2,"MOH2_G2F_PHK76",2,12,119,"W10004_0616/PHK76",NA,"W10004_0616","DH",25869,369,3,18,369,NA,TRUE,FALSE
"411",411,411,"G2F_PHK76",2021,"MOH2",2,"MOH2_G2F_PHK76",2,12,118,"W10004_0832/PHK76",NA,"W10004_0832","DH",25868,368,2,18,368,NA,TRUE,FALSE
"412",412,412,"G2F_PHK76",2021,"MOH2",2,"MOH2_G2F_PHK76",2,12,117,"W10004_0118/PHK76",NA,"W10004_0118","DH",25867,367,1,18,367,NA,TRUE,FALSE
"413",413,413,"G2F_PHK76",2021,"MOH2",2,"MOH2_G2F_PHK76",2,17,162,"W10004_0203/PHK76",NA,"W10004_0203","DH",25912,412,1,19,412,NA,TRUE,FALSE
"414",414,414,"G2F_PHK76",2021,"MOH2",2,"MOH2_G2F_PHK76",2,17,161,"W10004_0241/PHK76",NA,"W10004_0241","DH",25911,411,2,19,411,NA,TRUE,FALSE
"415",415,415,"G2F_PHK76",2021,"MOH2",2,"MOH2_G2F_PHK76",2,16,160,"W10004_0876/PHK76",NA,"W10004_0876","DH",25910,410,3,19,410,NA,TRUE,FALSE
"416",416,416,"G2F_PHK76",2021,"MOH2",2,"MOH2_G2F_PHK76",2,16,159,"W10004_0691/PHK76",NA,"W10004_0691","DH",25909,409,4,19,409,NA,TRUE,FALSE
"417",417,417,"G2F_PHK76",2021,"MOH2",2,"MOH2_G2F_PHK76",2,16,158,"W10004_0988/PHK76",NA,"W10004_0988","DH",25908,408,5,19,408,NA,TRUE,FALSE
"418",418,418,"G2F_PHK76",2021,"MOH2",2,"MOH2_G2F_PHK76",2,16,157,"W10004_0869/PHK76",NA,"W10004_0869","DH",25907,407,6,19,407,NA,TRUE,FALSE
"419",419,419,"G2F_PHK76",2021,"MOH2",2,"MOH2_G2F_PHK76",2,17,169,"W10004_0625/PHK76",NA,"W10004_0625","DH",25919,419,7,19,419,NA,TRUE,TRUE
"420",420,420,"G2F_PHK76",2021,"MOH2",2,"MOH2_G2F_PHK76",2,17,170,"W10004_0032/PHK76",NA,"W10004_0032","DH",25920,420,8,19,420,NA,TRUE,TRUE
"421",421,448,"G2F_PHK76",2021,"MOH2",2,"MOH2_G2F_PHK76",2,16,154,"W10004_0119/PHK76",NA,"W10004_0119","DH",25904,404,9,19,404,NA,TRUE,FALSE
"422",422,447,"G2F_PHK76",2021,"MOH2",2,"MOH2_G2F_PHK76",2,16,153,"PHW52/PHN82",NA,NA,"Check",25903,403,10,19,403,NA,TRUE,FALSE
"423",423,446,"G2F_PHK76",2021,"MOH2",2,"MOH2_G2F_PHK76",2,18,173,"W10004_0132/PHK76",NA,"W10004_0132","DH",25923,423,11,19,423,NA,TRUE,TRUE
"424",424,445,"G2F_PHK76",2021,"MOH2",2,"MOH2_G2F_PHK76",2,18,174,"W10004_0783/PHK76",NA,"W10004_0783","DH",25924,424,12,19,424,NA,TRUE,TRUE
"425",425,444,"G2F_PHK76",2021,"MOH2",2,"MOH2_G2F_PHK76",2,15,150,"W10004_0474/PHK76",NA,"W10004_0474","DH",25900,400,13,19,400,NA,TRUE,FALSE
"426",426,443,"G2F_PHK76",2021,"MOH2",2,"MOH2_G2F_PHK76",2,15,149,"W10004_0820/PHK76",NA,"W10004_0820","DH",25899,399,14,19,399,NA,TRUE,FALSE
"427",427,442,"G2F_PHK76",2021,"MOH2",2,"MOH2_G2F_PHK76",2,18,177,"W10004_0167/PHK76",NA,"W10004_0167","DH",25927,427,15,19,427,NA,TRUE,TRUE
"428",428,441,"G2F_PHK76",2021,"MOH2",2,"MOH2_G2F_PHK76",2,18,178,"W10004_0649/PHK76",NA,"W10004_0649","DH",25928,428,16,19,428,NA,TRUE,TRUE
"429",429,440,"G2F_PHK76",2021,"MOH2",2,"MOH2_G2F_PHK76",2,15,146,"W10004_0888/PHK76",NA,"W10004_0888","DH",25896,396,17,19,396,NA,TRUE,FALSE
"430",430,439,"G2F_PHK76",2021,"MOH2",2,"MOH2_G2F_PHK76",2,15,145,"B73/PHM49",NA,NA,"Check",25895,395,18,19,395,NA,TRUE,FALSE
"431",431,438,"G2F_PHK76",2021,"MOH2",2,"MOH2_G2F_PHK76",2,19,181,"W10004_1045/PHK76",NA,"W10004_1045","DH",25931,431,19,19,431,NA,TRUE,TRUE
"432",432,437,"G2F_PHK76",2021,"MOH2",2,"MOH2_G2F_PHK76",2,19,182,"W10004_0775/PHK76",NA,"W10004_0775","DH",25932,432,20,19,432,NA,TRUE,TRUE
"433",433,436,"G2F_PHK76",2021,"MOH2",2,"MOH2_G2F_PHK76",2,15,142,"W10004_0393/PHK76",NA,"W10004_0393","DH",25892,392,21,19,392,NA,TRUE,FALSE
"434",434,435,"G2F_PHK76",2021,"MOH2",2,"MOH2_G2F_PHK76",2,15,141,"W10004_0196/PHK76",NA,"W10004_0196","DH",25891,391,22,19,391,NA,TRUE,FALSE
"435",435,434,"G2F_PHK76",2021,"MOH2",2,"MOH2_G2F_PHK76",2,19,185,"LH74/PHN82",NA,NA,"Check",25935,435,23,19,435,NA,TRUE,TRUE
"436",436,433,"G2F_PHK76",2021,"MOH2",2,"MOH2_G2F_PHK76",2,19,186,"W10004_0069/PHK76",NA,"W10004_0069","DH",25936,436,23,20,436,NA,TRUE,TRUE
"437",437,432,"G2F_PHK76",2021,"MOH2",2,"MOH2_G2F_PHK76",2,19,184,"W10004_0344/PHK76",NA,"W10004_0344","DH",25934,434,22,20,434,NA,TRUE,FALSE
"438",438,431,"G2F_PHK76",2021,"MOH2",2,"MOH2_G2F_PHK76",2,19,183,"W10004_0361/PHK76",NA,"W10004_0361","DH",25933,433,21,20,433,NA,TRUE,FALSE
"439",439,430,"G2F_PHK76",2021,"MOH2",2,"MOH2_G2F_PHK76",2,19,189,"W10004_0037/PHK76",NA,"W10004_0037","DH",25939,439,20,20,439,NA,TRUE,TRUE
"440",440,429,"G2F_PHK76",2021,"MOH2",2,"MOH2_G2F_PHK76",2,19,190,"W10004_0417/PHK76",NA,"W10004_0417","DH",25940,440,19,20,440,NA,TRUE,TRUE
"441",441,428,"G2F_PHK76",2021,"MOH2",2,"MOH2_G2F_PHK76",2,18,180,"W10004_0714/PHK76",NA,"W10004_0714","DH",25930,430,18,20,430,NA,TRUE,FALSE
"442",442,427,"G2F_PHK76",2021,"MOH2",2,"MOH2_G2F_PHK76",2,18,179,"W10004_0619/PHK76",NA,"W10004_0619","DH",25929,429,17,20,429,NA,TRUE,FALSE
"443",443,426,"G2F_PHK76",2021,"MOH2",2,"MOH2_G2F_PHK76",2,20,193,"W10004_1004/PHK76",NA,"W10004_1004","DH",25943,443,16,20,443,NA,TRUE,TRUE
"444",444,425,"G2F_PHK76",2021,"MOH2",2,"MOH2_G2F_PHK76",2,20,194,"PHG39/PHN82",NA,NA,"Check",25944,444,15,20,444,NA,TRUE,TRUE
"445",445,424,"G2F_PHK76",2021,"MOH2",2,"MOH2_G2F_PHK76",2,18,176,"W10004_0221/PHK76",NA,"W10004_0221","DH",25926,426,14,20,426,NA,TRUE,FALSE
"446",446,423,"G2F_PHK76",2021,"MOH2",2,"MOH2_G2F_PHK76",2,18,175,"W10004_0732/PHK76",NA,"W10004_0732","DH",25925,425,13,20,425,NA,TRUE,FALSE
"447",447,422,"G2F_PHK76",2021,"MOH2",2,"MOH2_G2F_PHK76",2,20,197,"W10004_1032/PHK76",NA,"W10004_1032","DH",25947,447,12,20,447,NA,TRUE,TRUE
"448",448,421,"G2F_PHK76",2021,"MOH2",2,"MOH2_G2F_PHK76",2,20,198,"W10004_0087/PHK76",NA,"W10004_0087","DH",25948,448,11,20,448,NA,TRUE,TRUE
"449",449,449,"G2F_PHK76",2021,"MOH2",2,"MOH2_G2F_PHK76",2,18,172,"W10004_0828/PHK76",NA,"W10004_0828","DH",25922,422,10,20,422,NA,TRUE,FALSE
"450",450,450,"G2F_PHK76",2021,"MOH2",2,"MOH2_G2F_PHK76",2,18,171,"W10004_0311/PHK76",NA,"W10004_0311","DH",25921,421,9,20,421,NA,TRUE,FALSE
"451",451,451,"G2F_PHK76",2021,"MOH2",2,"MOH2_G2F_PHK76",2,21,201,"2369/LH123HT",NA,NA,"Check",25951,451,8,20,451,NA,TRUE,TRUE
"452",452,452,"G2F_PHK76",2021,"MOH2",2,"MOH2_G2F_PHK76",2,21,202,"F42/MO17",NA,NA,"Check",25952,452,7,20,452,NA,TRUE,TRUE
"453",453,453,"G2F_PHK76",2021,"MOH2",2,"MOH2_G2F_PHK76",2,17,168,"W10004_0410/PHK76",NA,"W10004_0410","DH",25918,418,6,20,418,NA,TRUE,FALSE
"454",454,454,"G2F_PHK76",2021,"MOH2",2,"MOH2_G2F_PHK76",2,17,167,"W10004_0745/PHK76",NA,"W10004_0745","DH",25917,417,5,20,417,NA,TRUE,FALSE
"455",455,455,"G2F_PHK76",2021,"MOH2",2,"MOH2_G2F_PHK76",2,17,166,"W10004_1118/PHK76",NA,"W10004_1118","DH",25916,416,4,20,416,NA,TRUE,FALSE
"456",456,456,"G2F_PHK76",2021,"MOH2",2,"MOH2_G2F_PHK76",2,17,165,"W10004_0602/PHK76",NA,"W10004_0602","DH",25915,415,3,20,415,NA,TRUE,FALSE
"457",457,457,"G2F_PHK76",2021,"MOH2",2,"MOH2_G2F_PHK76",2,17,164,"W10004_0689/PHK76",NA,"W10004_0689","DH",25914,414,2,20,414,NA,TRUE,FALSE
"458",458,458,"G2F_PHK76",2021,"MOH2",2,"MOH2_G2F_PHK76",2,17,163,"TX777/LH195",NA,NA,"Check",25913,413,1,20,413,NA,TRUE,FALSE
"459",459,459,"G2F_PHK76",2021,"MOH2",2,"MOH2_G2F_PHK76",2,21,208,"W10004_0975/PHK76",NA,"W10004_0975","DH",25958,458,1,21,458,NA,TRUE,FALSE
"460",460,460,"G2F_PHK76",2021,"MOH2",2,"MOH2_G2F_PHK76",2,21,207,"W10004_0062/PHK76",NA,"W10004_0062","DH",25957,457,2,21,457,NA,TRUE,FALSE
"461",461,461,"G2F_PHK76",2021,"MOH2",2,"MOH2_G2F_PHK76",2,21,206,"W10004_0268/PHK76",NA,"W10004_0268","DH",25956,456,3,21,456,NA,TRUE,FALSE
"462",462,462,"G2F_PHK76",2021,"MOH2",2,"MOH2_G2F_PHK76",2,21,205,"W10004_0803/PHK76",NA,"W10004_0803","DH",25955,455,4,21,455,NA,TRUE,FALSE
"463",463,463,"G2F_PHK76",2021,"MOH2",2,"MOH2_G2F_PHK76",2,21,204,"W10004_0678/PHK76",NA,"W10004_0678","DH",25954,454,5,21,454,NA,TRUE,FALSE
"464",464,464,"G2F_PHK76",2021,"MOH2",2,"MOH2_G2F_PHK76",2,21,203,"W10004_0160/PHK76",NA,"W10004_0160","DH",25953,453,6,21,453,NA,TRUE,FALSE
"465",465,465,"G2F_PHK76",2021,"MOH2",2,"MOH2_G2F_PHK76",2,22,215,"W10004_0008/PHK76",NA,"W10004_0008","DH",25965,465,7,21,465,NA,TRUE,TRUE
"466",466,466,"G2F_PHK76",2021,"MOH2",2,"MOH2_G2F_PHK76",2,22,216,"W10004_0225/PHK76",NA,"W10004_0225","DH",25966,466,8,21,466,NA,TRUE,TRUE
"467",467,467,"G2F_PHK76",2021,"MOH2",2,"MOH2_G2F_PHK76",2,20,200,"W10004_0884/PHK76",NA,"W10004_0884","DH",25950,450,9,21,450,NA,TRUE,FALSE
"468",468,468,"G2F_PHK76",2021,"MOH2",2,"MOH2_G2F_PHK76",2,20,199,"W10004_0327/PHK76",NA,"W10004_0327","DH",25949,449,10,21,449,NA,TRUE,FALSE
"469",469,469,"G2F_PHK76",2021,"MOH2",2,"MOH2_G2F_PHK76",2,22,219,"W10004_0675/PHK76",NA,"W10004_0675","DH",25969,469,11,21,469,NA,TRUE,TRUE
"470",470,470,"G2F_PHK76",2021,"MOH2",2,"MOH2_G2F_PHK76",2,22,220,"W10004_1018/PHK76",NA,"W10004_1018","DH",25970,470,12,21,470,NA,TRUE,TRUE
"471",471,471,"G2F_PHK76",2021,"MOH2",2,"MOH2_G2F_PHK76",2,20,196,"W10004_0659/PHK76",NA,"W10004_0659","DH",25946,446,13,21,446,NA,TRUE,FALSE
"472",472,472,"G2F_PHK76",2021,"MOH2",2,"MOH2_G2F_PHK76",2,20,195,"W10004_0336/PHK76",NA,"W10004_0336","DH",25945,445,14,21,445,NA,TRUE,FALSE
"473",473,473,"G2F_PHK76",2021,"MOH2",2,"MOH2_G2F_PHK76",2,23,223,"W10004_0784/PHK76",NA,"W10004_0784","DH",25973,473,15,21,473,NA,TRUE,TRUE
"474",474,474,"G2F_PHK76",2021,"MOH2",2,"MOH2_G2F_PHK76",2,23,224,"W10004_0144/PHK76",NA,"W10004_0144","DH",25974,474,16,21,474,NA,TRUE,TRUE
"475",475,475,"G2F_PHK76",2021,"MOH2",2,"MOH2_G2F_PHK76",2,20,192,"W10004_0833/PHK76",NA,"W10004_0833","DH",25942,442,17,21,442,NA,TRUE,FALSE
"476",476,476,"G2F_PHK76",2021,"MOH2",2,"MOH2_G2F_PHK76",2,20,191,"W10004_0639/PHK76",NA,"W10004_0639","DH",25941,441,18,21,441,NA,TRUE,FALSE
"477",477,504,"G2F_PHK76",2021,"MOH2",2,"MOH2_G2F_PHK76",2,23,227,"W10004_1146/PHK76",NA,"W10004_1146","DH",25977,477,19,21,477,NA,TRUE,TRUE
"478",478,503,"G2F_PHK76",2021,"MOH2",2,"MOH2_G2F_PHK76",2,23,228,"CG119/CG108",NA,NA,"Check",25978,478,20,21,478,NA,TRUE,TRUE
"479",479,502,"G2F_PHK76",2021,"MOH2",2,"MOH2_G2F_PHK76",2,19,188,"W10004_0963/PHK76",NA,"W10004_0963","DH",25938,438,21,21,438,NA,TRUE,FALSE
"480",480,501,"G2F_PHK76",2021,"MOH2",2,"MOH2_G2F_PHK76",2,19,187,"B73/PHN82",NA,NA,"Check",25937,437,22,21,437,NA,TRUE,FALSE
"481",481,500,"G2F_PHK76",2021,"MOH2",2,"MOH2_G2F_PHK76",2,24,231,"B14A/H95",NA,NA,"Check",25981,481,23,21,481,NA,TRUE,TRUE
"482",482,499,"G2F_PHK76",2021,"MOH2",2,"MOH2_G2F_PHK76",2,24,232,"B14A/OH43",NA,NA,"Check",25982,482,23,22,482,NA,TRUE,TRUE
"483",483,498,"G2F_PHK76",2021,"MOH2",2,"MOH2_G2F_PHK76",2,23,230,"W10004_0204/PHK76",NA,"W10004_0204","DH",25980,480,22,22,480,NA,TRUE,FALSE
"484",484,497,"G2F_PHK76",2021,"MOH2",2,"MOH2_G2F_PHK76",2,23,229,"W10004_0779/PHK76",NA,"W10004_0779","DH",25979,479,21,22,479,NA,TRUE,FALSE
"485",485,496,"G2F_PHK76",2021,"MOH2",2,"MOH2_G2F_PHK76",2,24,235,"W10004_0674/PHK76",NA,"W10004_0674","DH",25985,485,20,22,485,NA,TRUE,TRUE
"486",486,495,"G2F_PHK76",2021,"MOH2",2,"MOH2_G2F_PHK76",2,24,236,"W10004_0169/PHK76",NA,"W10004_0169","DH",25986,486,19,22,486,NA,TRUE,TRUE
"487",487,494,"G2F_PHK76",2021,"MOH2",2,"MOH2_G2F_PHK76",2,23,226,"W10004_0901/PHK76",NA,"W10004_0901","DH",25976,476,18,22,476,NA,TRUE,FALSE
"488",488,493,"G2F_PHK76",2021,"MOH2",2,"MOH2_G2F_PHK76",2,23,225,"W10004_0889/PHK76",NA,"W10004_0889","DH",25975,475,17,22,475,NA,TRUE,FALSE
"489",489,492,"G2F_PHK76",2021,"MOH2",2,"MOH2_G2F_PHK76",2,24,239,"W10004_1104/PHK76",NA,"W10004_1104","DH",25989,489,16,22,489,NA,TRUE,TRUE
"490",490,491,"G2F_PHK76",2021,"MOH2",2,"MOH2_G2F_PHK76",2,24,240,"B37/MO17",NA,NA,"Check",25990,490,15,22,490,NA,TRUE,TRUE
"491",491,490,"G2F_PHK76",2021,"MOH2",2,"MOH2_G2F_PHK76",2,23,222,"W10004_0894/PHK76",NA,"W10004_0894","DH",25972,472,14,22,472,NA,TRUE,FALSE
"492",492,489,"G2F_PHK76",2021,"MOH2",2,"MOH2_G2F_PHK76",2,23,221,"W10004_0717/PHK76",NA,"W10004_0717","DH",25971,471,13,22,471,NA,TRUE,FALSE
"493",493,488,"G2F_PHK76",2021,"MOH2",2,"MOH2_G2F_PHK76",2,25,243,"W10004_0258/PHK76",NA,"W10004_0258","DH",25993,493,12,22,493,NA,TRUE,TRUE
"494",494,487,"G2F_PHK76",2021,"MOH2",2,"MOH2_G2F_PHK76",2,25,244,"W10004_0310/PHK76",NA,"W10004_0310","DH",25994,494,11,22,494,NA,TRUE,TRUE
"495",495,486,"G2F_PHK76",2021,"MOH2",2,"MOH2_G2F_PHK76",2,22,218,"W10004_0254/PHK76",NA,"W10004_0254","DH",25968,468,10,22,468,NA,TRUE,FALSE
"496",496,485,"G2F_PHK76",2021,"MOH2",2,"MOH2_G2F_PHK76",2,22,217,"W10004_1057/PHK76",NA,"W10004_1057","DH",25967,467,9,22,467,NA,TRUE,FALSE
"497",497,484,"G2F_PHK76",2021,"MOH2",2,"MOH2_G2F_PHK76",2,25,247,"W10004_0703/PHK76",NA,"W10004_0703","DH",25997,497,8,22,497,NA,TRUE,TRUE
"498",498,483,"G2F_PHK76",2021,"MOH2",2,"MOH2_G2F_PHK76",2,25,248,"W10004_0189/PHK76",NA,"W10004_0189","DH",25998,498,7,22,498,NA,TRUE,TRUE
"499",499,482,"G2F_PHK76",2021,"MOH2",2,"MOH2_G2F_PHK76",2,22,214,"W10004_1000/PHK76",NA,"W10004_1000","DH",25964,464,6,22,464,NA,TRUE,FALSE
"500",500,481,"G2F_PHK76",2021,"MOH2",2,"MOH2_G2F_PHK76",2,22,213,"B14A/MO17",NA,NA,"Check",25963,463,5,22,463,NA,TRUE,FALSE
"501",501,480,"YS",2021,"MOH2",4,"MOH2_YS",1,NA,1,"F42/MO17",NA,NA,NA,40751,501,24,1,501,NA,TRUE,TRUE
"502",501,480,"G2F_PHK76",2021,"MOH2",2,"MOH2_G2F_PHK76",2,22,212,"W10004_0129/PHK76",NA,"W10004_0129","DH",25962,462,4,22,462,NA,TRUE,FALSE
"503",502,479,"G2F_PHK76",2021,"MOH2",2,"MOH2_G2F_PHK76",2,22,211,"W10004_0601/PHK76",NA,"W10004_0601","DH",25961,461,3,22,461,NA,TRUE,FALSE
"504",502,479,"YS",2021,"MOH2",NA,"MOH2_YS",NA,NA,NA,"Fill/HB",NA,NA,NA,NA,NA,25,1,NA,NA,TRUE,FALSE
"505",503,478,"G2F_PHK76",2021,"MOH2",2,"MOH2_G2F_PHK76",2,21,210,"W10004_0076/PHK76",NA,"W10004_0076","DH",25960,460,2,22,460,NA,TRUE,FALSE
"506",503,478,"YS",2021,"MOH2",NA,"MOH2_YS",NA,NA,NA,"Fill/HB",NA,NA,NA,NA,NA,26,1,NA,NA,TRUE,FALSE
"507",504,477,"G2F_PHK76",2021,"MOH2",2,"MOH2_G2F_PHK76",2,21,209,"W10004_0800/PHK76",NA,"W10004_0800","DH",25959,459,1,22,459,NA,TRUE,FALSE
"508",504,477,"YS",2021,"MOH2",4,"MOH2_YS",1,NA,4,"B14A/OH43",NA,NA,NA,40754,504,27,1,504,NA,TRUE,TRUE
"509",505,505,"YS",2021,"MOH2",4,"MOH2_YS",1,NA,5,"B14A/H95",NA,NA,NA,40755,505,28,1,505,NA,TRUE,TRUE
"510",506,506,"YS",2021,"MOH2",4,"MOH2_YS",1,NA,6,"B73/PHN82",NA,NA,NA,40756,506,28,2,506,NA,TRUE,TRUE
"511",507,507,"YS",2021,"MOH2",4,"MOH2_YS",1,NA,7,"2369/LH123HT",NA,NA,NA,40757,507,27,2,507,NA,TRUE,TRUE
"512",508,508,"YS",2021,"MOH2",4,"MOH2_YS",1,NA,3,"B37/H95",NA,NA,NA,40753,503,26,2,503,NA,TRUE,FALSE
"513",509,509,"YS",2021,"MOH2",4,"MOH2_YS",1,NA,2,"TX714/TX779",NA,NA,NA,40752,502,25,2,502,NA,TRUE,FALSE
"514",510,510,"YS",2021,"MOH2",4,"MOH2_YS",1,NA,10,"B37/MO17",NA,NA,NA,40760,510,24,2,510,NA,TRUE,TRUE
"515",511,511,"YS",2021,"MOH2",4,"MOH2_YS",1,NA,11,"F42/OH43",NA,NA,NA,40761,511,24,3,511,NA,TRUE,TRUE
"516",512,512,"YS",2021,"MOH2",4,"MOH2_YS",1,NA,9,"B73/TX779",NA,NA,NA,40759,509,25,3,509,NA,TRUE,FALSE
"517",513,513,"YS",2021,"MOH2",4,"MOH2_YS",1,NA,8,"TX110/87916",NA,NA,NA,40758,508,26,3,508,NA,TRUE,FALSE
"518",514,514,"YS",2021,"MOH2",4,"MOH2_YS",1,NA,14,"B14A/MO17",NA,NA,NA,40764,514,27,3,514,NA,TRUE,TRUE
"519",515,515,"YS",2021,"MOH2",4,"MOH2_YS",1,NA,15,"B73/MO17",NA,NA,NA,40765,515,28,3,515,NA,TRUE,TRUE
"520",516,516,"YS",2021,"MOH2",4,"MOH2_YS",1,NA,16,"B73/PHM49",NA,NA,NA,40766,516,28,4,516,NA,TRUE,TRUE
"521",517,517,"YS",2021,"MOH2",4,"MOH2_YS",1,NA,17,"CG119/CG108",NA,NA,NA,40767,517,27,4,517,NA,TRUE,TRUE
"522",518,518,"YS",2021,"MOH2",4,"MOH2_YS",1,NA,13,"B37/OH43",NA,NA,NA,40763,513,26,4,513,NA,TRUE,FALSE
"523",519,519,"YS",2021,"MOH2",4,"MOH2_YS",1,NA,12,"F42/H95",NA,NA,NA,40762,512,25,4,512,NA,TRUE,FALSE
"524",520,520,"YS",2021,"MOH2",4,"MOH2_YS",1,NA,20,"TX777/LH195",NA,NA,NA,40770,520,24,4,520,NA,TRUE,TRUE
"525",521,521,"YS",2021,"MOH2",4,"MOH2_YS",1,NA,21,"PHW52/PHN82",NA,NA,NA,40771,521,24,5,521,NA,TRUE,TRUE
"526",522,522,"YS",2021,"MOH2",4,"MOH2_YS",1,NA,19,"REDEAR/LH195",NA,NA,NA,40769,519,25,5,519,NA,TRUE,FALSE
"527",523,523,"YS",2021,"MOH2",4,"MOH2_YS",1,NA,18,"CG44/CGR01",NA,NA,NA,40768,518,26,5,518,NA,TRUE,FALSE
"528",524,524,"YS",2021,"MOH2",4,"MOH2_YS",1,NA,24,"LH74/PHN82",NA,NA,NA,40774,524,27,5,524,NA,TRUE,TRUE
"529",525,525,"YS",2021,"MOH2",4,"MOH2_YS",1,NA,25,"PHG39/PHN82",NA,NA,NA,40775,525,28,5,525,NA,TRUE,TRUE
"530",526,526,"YS",2021,"MOH2",4,"MOH2_YS",2,NA,1,"F42/H95",NA,NA,NA,40776,526,28,6,526,NA,TRUE,TRUE
"531",527,527,"YS",2021,"MOH2",4,"MOH2_YS",2,NA,2,"B73/PHM49",NA,NA,NA,40777,527,27,6,527,NA,TRUE,TRUE
"532",528,528,"YS",2021,"MOH2",4,"MOH2_YS",1,NA,23,"PHW52/PHM49",NA,NA,NA,40773,523,26,6,523,NA,TRUE,FALSE
"533",529,529,"YS",2021,"MOH2",4,"MOH2_YS",1,NA,22,"TX779/LH195",NA,NA,NA,40772,522,25,6,522,NA,TRUE,FALSE
"534",530,530,"YS",2021,"MOH2",4,"MOH2_YS",2,NA,5,"PHW52/PHN82",NA,NA,NA,40780,530,24,6,530,NA,TRUE,TRUE
"535",531,531,"YS",2021,"MOH2",4,"MOH2_YS",2,NA,6,"CG44/CGR01",NA,NA,NA,40781,531,24,7,531,NA,TRUE,TRUE
"536",532,532,"YS",2021,"MOH2",4,"MOH2_YS",2,NA,4,"F42/OH43",NA,NA,NA,40779,529,25,7,529,NA,TRUE,FALSE
"537",533,560,"YS",2021,"MOH2",4,"MOH2_YS",2,NA,3,"PHG39/PHN82",NA,NA,NA,40778,528,26,7,528,NA,TRUE,FALSE
"538",534,559,"YS",2021,"MOH2",4,"MOH2_YS",2,NA,9,"PHW52/PHM49",NA,NA,NA,40784,534,27,7,534,NA,TRUE,TRUE
"539",535,558,"YS",2021,"MOH2",4,"MOH2_YS",2,NA,10,"B14A/MO17",NA,NA,NA,40785,535,28,7,535,NA,TRUE,TRUE
"540",536,557,"YS",2021,"MOH2",4,"MOH2_YS",2,NA,11,"REDEAR/LH195",NA,NA,NA,40786,536,28,8,536,NA,TRUE,TRUE
"541",537,556,"YS",2021,"MOH2",4,"MOH2_YS",2,NA,12,"B37/MO17",NA,NA,NA,40787,537,27,8,537,NA,TRUE,TRUE
"542",538,555,"YS",2021,"MOH2",4,"MOH2_YS",2,NA,8,"B37/H95",NA,NA,NA,40783,533,26,8,533,NA,TRUE,FALSE
"543",539,554,"YS",2021,"MOH2",4,"MOH2_YS",2,NA,7,"TX779/LH195",NA,NA,NA,40782,532,25,8,532,NA,TRUE,FALSE
"544",540,553,"YS",2021,"MOH2",4,"MOH2_YS",2,NA,15,"TX110/87916",NA,NA,NA,40790,540,24,8,540,NA,TRUE,TRUE
"545",541,552,"YS",2021,"MOH2",4,"MOH2_YS",2,NA,16,"CG119/CG108",NA,NA,NA,40791,541,24,9,541,NA,TRUE,TRUE
"546",542,551,"YS",2021,"MOH2",4,"MOH2_YS",2,NA,14,"B73/PHN82",NA,NA,NA,40789,539,25,9,539,NA,TRUE,FALSE
"547",543,550,"YS",2021,"MOH2",4,"MOH2_YS",2,NA,13,"TX777/LH195",NA,NA,NA,40788,538,26,9,538,NA,TRUE,FALSE
"548",544,549,"YS",2021,"MOH2",4,"MOH2_YS",2,NA,19,"F42/MO17",NA,NA,NA,40794,544,27,9,544,NA,TRUE,TRUE
"549",545,548,"YS",2021,"MOH2",4,"MOH2_YS",2,NA,20,"B14A/OH43",NA,NA,NA,40795,545,28,9,545,NA,TRUE,TRUE
"550",546,547,"YS",2021,"MOH2",4,"MOH2_YS",2,NA,21,"2369/LH123HT",NA,NA,NA,40796,546,28,10,546,NA,TRUE,TRUE
"551",547,546,"YS",2021,"MOH2",4,"MOH2_YS",2,NA,22,"B73/MO17",NA,NA,NA,40797,547,27,10,547,NA,TRUE,TRUE
"552",548,545,"YS",2021,"MOH2",4,"MOH2_YS",2,NA,18,"B14A/H95",NA,NA,NA,40793,543,26,10,543,NA,TRUE,FALSE
"553",549,544,"YS",2021,"MOH2",4,"MOH2_YS",2,NA,17,"TX714/TX779",NA,NA,NA,40792,542,25,10,542,NA,TRUE,FALSE
"554",550,543,"YS",2021,"MOH2",4,"MOH2_YS",2,NA,25,"B73/TX779",NA,NA,NA,40800,550,24,10,550,NA,TRUE,TRUE
"555",551,542,"HIP_Hybrid",2021,"MOH2",5,"MOH2_HIP_Hybrid",1,NA,1,"LH244/PHZ51",NA,NA,NA,50837,551,24,11,551,NA,TRUE,TRUE
"556",552,541,"YS",2021,"MOH2",4,"MOH2_YS",2,NA,24,"LH74/PHN82",NA,NA,NA,40799,549,25,11,549,NA,TRUE,FALSE
"557",553,540,"YS",2021,"MOH2",4,"MOH2_YS",2,NA,23,"B37/OH43",NA,NA,NA,40798,548,26,11,548,NA,TRUE,FALSE
"558",554,539,"HIP_Hybrid",2021,"MOH2",5,"MOH2_HIP_Hybrid",1,NA,4,"PHJ40/PHAJ0",NA,NA,NA,50840,554,27,11,554,NA,TRUE,TRUE
"559",555,538,"HIP_Hybrid",2021,"MOH2",5,"MOH2_HIP_Hybrid",1,NA,5,"PHB47/PHN82",NA,NA,NA,50841,555,28,11,555,NA,TRUE,TRUE
"560",556,537,"HIP_Hybrid",2021,"MOH2",5,"MOH2_HIP_Hybrid",1,NA,6,"LH195/PHN82",NA,NA,NA,50842,556,28,12,556,NA,TRUE,TRUE
"561",557,536,"HIP_Hybrid",2021,"MOH2",5,"MOH2_HIP_Hybrid",1,NA,7,"PHJ89/PH207",NA,NA,NA,50843,557,27,12,557,NA,TRUE,TRUE
"562",558,535,"HIP_Hybrid",2021,"MOH2",5,"MOH2_HIP_Hybrid",1,NA,3,"B73/MO17",NA,NA,NA,50839,553,26,12,553,NA,TRUE,FALSE
"563",559,534,"HIP_Hybrid",2021,"MOH2",5,"MOH2_HIP_Hybrid",1,NA,2,"LH244/PHN82",NA,NA,NA,50838,552,25,12,552,NA,TRUE,FALSE
"564",560,533,"HIP_Hybrid",2021,"MOH2",5,"MOH2_HIP_Hybrid",1,NA,10,"LH195/PHK76",NA,NA,NA,50846,560,24,12,560,NA,TRUE,TRUE
"565",561,561,"HIP_Hybrid",2021,"MOH2",5,"MOH2_HIP_Hybrid",1,NA,11,"PHB47/PHZ51",NA,NA,NA,50847,561,24,13,561,NA,TRUE,TRUE
"566",562,562,"HIP_Hybrid",2021,"MOH2",5,"MOH2_HIP_Hybrid",1,NA,9,"LH195/MO17",NA,NA,NA,50845,559,25,13,559,NA,TRUE,FALSE
"567",563,563,"HIP_Hybrid",2021,"MOH2",5,"MOH2_HIP_Hybrid",1,NA,8,"B73/PHN82",NA,NA,NA,50844,558,26,13,558,NA,TRUE,FALSE
"568",564,564,"HIP_Hybrid",2021,"MOH2",5,"MOH2_HIP_Hybrid",1,NA,14,"LH195/PHZ51",NA,NA,NA,50850,564,27,13,564,NA,TRUE,TRUE
"569",565,565,"HIP_Hybrid",2021,"MOH2",5,"MOH2_HIP_Hybrid",1,NA,15,"LH145/LH82",NA,NA,NA,50851,565,28,13,565,NA,TRUE,TRUE
"570",566,566,"HIP_Hybrid",2021,"MOH2",5,"MOH2_HIP_Hybrid",1,NA,16,"LH244/MO17",NA,NA,NA,50852,566,28,14,566,NA,TRUE,TRUE
"571",567,567,"HIP_Hybrid",2021,"MOH2",5,"MOH2_HIP_Hybrid",1,NA,17,"LH244/PHK76",NA,NA,NA,50853,567,27,14,567,NA,TRUE,TRUE
"572",568,568,"HIP_Hybrid",2021,"MOH2",5,"MOH2_HIP_Hybrid",1,NA,13,"PHG29/PHG47",NA,NA,NA,50849,563,26,14,563,NA,TRUE,FALSE
"573",569,569,"HIP_Hybrid",2021,"MOH2",5,"MOH2_HIP_Hybrid",1,NA,12,"PHB47/PHK76",NA,NA,NA,50848,562,25,14,562,NA,TRUE,FALSE
"574",570,570,"HIP_Hybrid",2021,"MOH2",5,"MOH2_HIP_Hybrid",1,NA,20,"PHRE1/PHTD5",NA,NA,NA,50856,570,24,14,570,NA,TRUE,TRUE
"575",571,571,"HIP_Hybrid",2021,"MOH2",5,"MOH2_HIP_Hybrid",1,NA,21,"B73/PHZ51",NA,NA,NA,50857,571,24,15,571,NA,TRUE,TRUE
"576",572,572,"HIP_Hybrid",2021,"MOH2",5,"MOH2_HIP_Hybrid",1,NA,19,"TX714/PHZ51",NA,NA,NA,50855,569,25,15,569,NA,TRUE,FALSE
"577",573,573,"HIP_Hybrid",2021,"MOH2",5,"MOH2_HIP_Hybrid",1,NA,18,"B73/PHK76",NA,NA,NA,50854,568,26,15,568,NA,TRUE,FALSE
"578",574,574,"HIP_Hybrid",2021,"MOH2",5,"MOH2_HIP_Hybrid",2,NA,2,"B73/PHK76",NA,NA,NA,50860,574,27,15,574,NA,TRUE,TRUE
"579",575,575,"HIP_Hybrid",2021,"MOH2",5,"MOH2_HIP_Hybrid",2,NA,3,"PHB47/MO17",NA,NA,NA,50861,575,28,15,575,NA,TRUE,TRUE
"580",576,576,"HIP_Hybrid",2021,"MOH2",5,"MOH2_HIP_Hybrid",2,NA,4,"PHB47/PHZ51",NA,NA,NA,50862,576,28,16,576,NA,TRUE,TRUE
"581",577,577,"HIP_Hybrid",2021,"MOH2",5,"MOH2_HIP_Hybrid",2,NA,5,"TX714/PHZ51",NA,NA,NA,50863,577,27,16,577,NA,TRUE,TRUE
"582",578,578,"HIP_Hybrid",2021,"MOH2",5,"MOH2_HIP_Hybrid",2,NA,1,"B73/PHN82",NA,NA,NA,50859,573,26,16,573,NA,TRUE,FALSE
"583",579,579,"HIP_Hybrid",2021,"MOH2",5,"MOH2_HIP_Hybrid",1,NA,22,"PHB47/MO17",NA,NA,NA,50858,572,25,16,572,NA,TRUE,FALSE
"584",580,580,"HIP_Hybrid",2021,"MOH2",5,"MOH2_HIP_Hybrid",2,NA,8,"B73/PHZ51",NA,NA,NA,50866,580,24,16,580,NA,TRUE,TRUE
"585",581,581,"HIP_Hybrid",2021,"MOH2",5,"MOH2_HIP_Hybrid",2,NA,9,"LH244/MO17",NA,NA,NA,50867,581,24,17,581,NA,TRUE,TRUE
"586",582,582,"HIP_Hybrid",2021,"MOH2",5,"MOH2_HIP_Hybrid",2,NA,7,"LH244/PHN82",NA,NA,NA,50865,579,25,17,579,NA,TRUE,FALSE
"587",583,583,"HIP_Hybrid",2021,"MOH2",5,"MOH2_HIP_Hybrid",2,NA,6,"LH244/PHZ51",NA,NA,NA,50864,578,26,17,578,NA,TRUE,FALSE
"588",584,584,"HIP_Hybrid",2021,"MOH2",5,"MOH2_HIP_Hybrid",2,NA,12,"LH145/LH82",NA,NA,NA,50870,584,27,17,584,NA,TRUE,TRUE
"589",585,585,"HIP_Hybrid",2021,"MOH2",5,"MOH2_HIP_Hybrid",2,NA,13,"PHRE1/PHTD5",NA,NA,NA,50871,585,28,17,585,NA,TRUE,TRUE
"590",586,586,"HIP_Hybrid",2021,"MOH2",5,"MOH2_HIP_Hybrid",2,NA,14,"LH195/PHK76",NA,NA,NA,50872,586,28,18,586,NA,TRUE,TRUE
"591",587,587,"HIP_Hybrid",2021,"MOH2",5,"MOH2_HIP_Hybrid",2,NA,15,"PHB47/PHK76",NA,NA,NA,50873,587,27,18,587,NA,TRUE,TRUE
"592",588,588,"HIP_Hybrid",2021,"MOH2",5,"MOH2_HIP_Hybrid",2,NA,11,"PHG29/PHG47",NA,NA,NA,50869,583,26,18,583,NA,TRUE,FALSE
"593",589,616,"HIP_Hybrid",2021,"MOH2",5,"MOH2_HIP_Hybrid",2,NA,10,"LH195/PHZ51",NA,NA,NA,50868,582,25,18,582,NA,TRUE,FALSE
"594",590,615,"HIP_Hybrid",2021,"MOH2",5,"MOH2_HIP_Hybrid",2,NA,18,"PHJ89/PH207",NA,NA,NA,50876,590,24,18,590,NA,TRUE,TRUE
"595",591,614,"HIP_Hybrid",2021,"MOH2",5,"MOH2_HIP_Hybrid",2,NA,19,"PHB47/PHN82",NA,NA,NA,50877,591,24,19,591,NA,TRUE,TRUE
"596",592,613,"HIP_Hybrid",2021,"MOH2",5,"MOH2_HIP_Hybrid",2,NA,17,"PHJ40/PHAJ0",NA,NA,NA,50875,589,25,19,589,NA,TRUE,FALSE
"597",593,612,"HIP_Hybrid",2021,"MOH2",5,"MOH2_HIP_Hybrid",2,NA,16,"B73/MO17",NA,NA,NA,50874,588,26,19,588,NA,TRUE,FALSE
"598",594,611,"HIP_Hybrid",2021,"MOH2",5,"MOH2_HIP_Hybrid",2,NA,22,"LH195/PHN82",NA,NA,NA,50880,594,27,19,594,NA,TRUE,TRUE
"599",595,610,"HIP_Hybrid",2021,"MOH2",NA,"MOH2_HIP_Hybrid",NA,NA,NA,"Fill/HB",NA,NA,NA,NA,NA,28,19,NA,NA,TRUE,FALSE
"600",596,609,"HIP_Hybrid",2021,"MOH2",NA,"MOH2_HIP_Hybrid",NA,NA,NA,"Fill/HB",NA,NA,NA,NA,NA,28,20,NA,NA,TRUE,FALSE
"601",597,608,"HIP_Hybrid",2021,"MOH2",NA,"MOH2_HIP_Hybrid",NA,NA,NA,"Fill/HB",NA,NA,NA,NA,NA,27,20,NA,NA,TRUE,FALSE
"602",598,607,"HIP_Hybrid",2021,"MOH2",5,"MOH2_HIP_Hybrid",2,NA,21,"LH244/PHK76",NA,NA,NA,50879,593,26,20,593,NA,TRUE,FALSE
"603",599,606,"HIP_Hybrid",2021,"MOH2",5,"MOH2_HIP_Hybrid",2,NA,20,"LH195/MO17",NA,NA,NA,50878,592,25,20,592,NA,TRUE,FALSE
